timestamp,dd,solar,hour,buiten_gisteren_mean,beneden_gisteren_mean,max_setpoint
2024-09-12 21:59:32.080034+00:00,6.15,25.81,0.0,12.06,22.3,20.5
2024-09-13 21:59:32.408225+00:00,5.97,27.78,0.0,10.31,21.28,20.5
2024-09-14 21:59:32.160861+00:00,4.96,32.26,0.0,10.54,20.69,20.5
2024-09-15 21:59:32.336852+00:00,4.02,35.44,0.0,11.8,20.7,20.5
2024-09-16 21:59:32.362060+00:00,2.74,14.41,0.0,12.97,20.72,20.5
2024-09-17 21:59:32.480261+00:00,1.3,32.83,0.0,14.58,20.83,20.5
2024-09-18 21:59:32.483457+00:00,0.98,27.1,0.0,16.38,21.38,20.5
2024-09-19 21:59:32.208111+00:00,0.0,35.75,0.0,16.77,21.91,20.5
2024-09-20 21:59:32.259650+00:00,0.15,36.39,0.0,18.48,22.5,20.5
2024-09-21 21:59:32.223965+00:00,0.0,35.84,0.0,17.81,22.99,20.5
2024-09-22 21:59:32.121565+00:00,0.45,13.09,0.0,18.04,23.01,20.5
2024-09-23 21:59:32.153508+00:00,0.5,22.13,0.0,17.44,22.98,20.5
2024-09-24 21:59:32.116863+00:00,2.43,16.48,0.0,17.38,23.29,20.5
2024-09-25 21:59:32.110008+00:00,2.29,15.43,0.0,14.96,22.78,20.5
2024-09-26 21:59:32.137332+00:00,1.94,15.24,0.0,15.14,22.34,20.5
2024-09-27 21:59:32.447908+00:00,4.05,10.4,0.0,15.58,22.07,20.5
2024-09-28 21:59:32.423965+00:00,6.32,23.62,0.0,12.94,21.45,20.5
2024-09-29 21:59:32.056288+00:00,7.14,21.12,0.0,10.1,20.59,20.5
2024-09-30 21:59:32.340050+00:00,4.52,5.41,2.96,9.08,19.78,20.5
2024-10-01 21:59:32.254362+00:00,4.97,7.27,2.84,12.35,19.51,20.5
2024-10-02 21:59:32.346471+00:00,8.27,8.17,2.44,13.03,20.33,20.5
2024-10-03 21:59:32.125734+00:00,7.68,29.74,0.0,9.73,20.29,20.5
2024-10-04 21:59:32.126257+00:00,8.34,28.81,0.43,10.32,20.57,20.5
2024-10-05 21:59:32.079731+00:00,8.87,32.62,0.0,9.66,20.25,20.5
2024-10-06 21:59:32.414286+00:00,7.58,25.92,2.62,9.13,20.42,20.5
2024-10-07 21:59:32.409828+00:00,1.86,27.53,0.0,10.42,20.35,20.5
2024-10-08 21:59:32.165743+00:00,1.58,17.63,0.0,16.14,21.42,20.5
2024-10-09 21:59:32.165344+00:00,3.67,6.37,1.26,16.42,21.35,20.5
2024-10-10 21:59:32.349130+00:00,5.55,15.25,0.0,14.33,20.89,20.5
2024-10-11 21:59:32.411538+00:00,8.86,17.35,0.0,12.45,20.99,20.5
2024-10-12 21:59:32.348014+00:00,9.5,8.5,0.0,9.14,20.17,20.5
2024-10-13 21:59:32.348551+00:00,8.32,17.51,4.65,8.5,18.32,20.5
2024-10-14 21:59:32.300136+00:00,10.31,5.72,2.96,9.68,18.53,20.5
2024-10-15 21:59:32.299544+00:00,8.04,13.0,2.96,7.69,19.49,20.5
2024-10-16 21:59:32.285150+00:00,1.72,12.77,2.98,9.96,19.38,20.5
2024-10-17 21:59:32.069041+00:00,0.16,11.94,0.0,16.28,20.21,20.5
2024-10-18 21:59:32.054614+00:00,2.28,4.12,0.0,17.84,21.26,20.5
2024-10-19 21:59:32.053184+00:00,3.26,8.23,0.0,15.72,20.99,20.5
2024-10-20 21:59:32.365374+00:00,2.08,11.38,0.0,14.74,20.8,20.5
2024-10-21 21:59:32.365587+00:00,4.25,4.41,0.0,15.92,20.66,20.5
2024-10-22 21:59:32.198767+00:00,6.23,22.64,0.0,13.75,20.61,20.5
2024-10-23 21:59:32.448561+00:00,6.5,25.86,0.0,11.77,20.45,20.5
2024-10-24 21:59:32.293749+00:00,7.94,28.72,1.1,11.5,20.52,20.5
2024-10-25 21:59:32.177263+00:00,4.19,26.06,0.0,10.06,20.51,20.5
2024-10-26 21:59:32.282490+00:00,4.02,23.32,0.0,13.81,21.0,20.5
2024-10-27 22:59:32.203506+00:00,4.87,22.51,0.0,13.98,21.29,20.5
2024-10-28 22:59:32.149009+00:00,6.52,9.92,0.27,13.13,21.29,20.5
2024-10-29 22:59:32.092305+00:00,5.47,2.59,2.96,11.48,20.38,20.5
2024-10-30 22:59:32.092622+00:00,5.07,3.35,2.5,12.53,20.05,20.5
2024-10-31 22:59:32.091467+00:00,6.07,7.18,2.5,12.93,20.6,20.5
2024-11-01 22:59:32.344432+00:00,8.78,1.72,2.96,11.93,20.61,20.5
2024-11-02 22:59:32.345915+00:00,7.71,2.93,3.03,10.02,19.82,20.5
2024-11-03 22:59:32.344514+00:00,12.69,6.08,2.8,10.99,20.25,20.5
2024-11-04 22:59:32.142672+00:00,13.4,4.42,2.98,6.46,19.84,20.5
2024-11-05 22:59:32.108808+00:00,14.53,3.07,2.96,5.82,19.63,20.5
2024-11-06 22:59:32.110025+00:00,10.12,3.26,3.23,4.79,18.89,20.5
2024-11-07 22:59:32.172815+00:00,12.23,1.74,3.16,8.8,19.06,20.5
2024-11-08 22:59:32.486938+00:00,13.7,1.89,3.81,6.88,19.11,20.5
2024-11-09 22:59:32.489765+00:00,11.57,2.17,3.47,5.55,18.61,20.5
2024-11-10 22:59:32.272379+00:00,9.42,3.26,3.48,7.48,18.88,20.5
2024-11-11 22:59:32.274736+00:00,9.03,14.01,1.55,9.44,19.27,20.5
2024-11-12 22:59:32.272813+00:00,9.99,7.65,2.96,9.79,19.46,20.5
2024-11-13 22:59:32.510535+00:00,11.64,9.17,2.96,8.91,19.35,20.5
2024-11-14 22:59:32.205499+00:00,9.16,4.99,2.96,7.42,19.34,20.5
2024-11-15 22:59:32.410701+00:00,10.09,1.5,2.96,9.67,19.4,20.5
2024-11-16 22:59:32.189351+00:00,10.93,3.78,3.5,8.83,19.21,20.5
2024-11-17 22:59:32.188154+00:00,11.13,7.03,2.64,8.06,19.17,20.5
2024-11-18 22:59:32.187943+00:00,12.6,9.69,2.96,7.88,19.56,20.5
2024-11-19 22:59:32.169026+00:00,12.69,0.5,4.11,6.55,19.02,20.5
2024-11-20 22:59:32.176763+00:00,16.42,6.17,4.56,6.45,18.65,20.5
2024-11-21 22:59:32.213710+00:00,19.23,3.46,4.98,3.07,18.06,20.5
2024-11-22 22:59:32.506420+00:00,17.61,7.59,4.78,0.52,18.05,20.5
2024-11-23 22:59:32.226752+00:00,15.18,2.65,5.57,1.99,17.66,20.5
2024-11-24 22:59:32.234219+00:00,3.95,9.03,4.34,4.21,17.29,20.5
2024-11-25 22:59:32.270000+00:00,6.04,0.62,3.46,14.41,19.39,20.5
2024-11-26 22:59:32.236269+00:00,11.48,4.95,3.48,12.5,19.75,20.5
2024-11-27 22:59:32.232540+00:00,10.82,0.56,3.46,7.55,19.25,20.5
2024-11-28 22:59:32.318113+00:00,13.55,18.76,1.49,8.16,18.7,20.5
2024-11-29 22:59:32.278379+00:00,18.0,17.33,3.86,5.68,18.5,20.5
2024-11-30 22:59:32.280386+00:00,16.1,16.44,5.01,1.64,18.21,20.5
2024-12-01 22:59:32.335554+00:00,13.39,11.85,4.49,3.36,19.6,20.5
2024-12-02 22:59:32.503734+00:00,8.76,4.91,3.86,5.83,19.73,20.5
2024-12-03 22:59:32.095320+00:00,13.53,5.62,3.64,10.03,19.81,20.5
2024-12-04 22:59:32.213092+00:00,15.73,4.07,4.59,5.7,19.97,20.5
2024-12-05 22:59:32.466207+00:00,12.55,0.22,5.19,3.7,19.58,20.5
2024-12-06 22:59:32.466077+00:00,10.91,6.96,3.61,6.59,19.56,20.5
2024-12-07 22:59:32.300550+00:00,11.3,7.32,4.45,8.08,19.88,20.5
2024-12-08 22:59:32.280721+00:00,12.45,1.57,4.39,7.73,19.92,20.5
2024-12-09 22:59:32.489851+00:00,13.41,0.79,3.73,6.68,20.3,20.5
2024-12-10 22:59:32.489524+00:00,13.99,0.63,5.67,5.81,19.88,20.5
2024-12-11 22:59:32.283303+00:00,15.28,0.34,4.3,5.28,19.48,20.5
2024-12-12 22:59:32.283064+00:00,16.39,2.58,5.32,4.11,19.85,20.5
2024-12-13 22:59:32.392547+00:00,18.02,0.59,5.89,3.1,19.47,20.5
2024-12-14 22:59:32.360270+00:00,16.26,1.33,5.59,1.62,19.43,20.5
2024-12-15 22:59:32.360211+00:00,12.4,1.38,5.21,3.22,19.72,20.5
2024-12-17 22:59:32.478838+00:00,10.67,2.74,3.87,10.19,19.65,20.5
2024-12-18 22:59:32.478771+00:00,8.15,1.49,3.46,8.3,19.76,20.5
2024-12-20 22:59:32.059366+00:00,14.36,12.42,3.38,8.57,20.13,20.5
2024-12-21 22:59:32.515915+00:00,11.18,1.14,4.43,4.95,19.72,20.5
2024-12-22 22:59:32.392605+00:00,13.89,2.97,4.48,7.84,19.79,20.5
2024-12-23 22:59:32.359520+00:00,13.34,7.14,4.97,5.37,19.93,20.5
2024-12-24 22:59:32.360398+00:00,14.4,0.78,0.0,5.86,19.53,20.5
2024-12-25 22:59:32.360093+00:00,10.68,0.99,0.0,4.91,18.41,20.5
2024-12-26 22:59:32.360180+00:00,12.83,0.91,6.16,8.29,16.39,20.5
2024-12-27 22:59:32.296424+00:00,16.48,1.44,8.26,6.34,15.3,20.5
2024-12-28 22:59:32.303412+00:00,19.66,3.27,6.14,3.02,18.85,20.5
2024-12-29 22:59:32.296080+00:00,17.55,1.32,5.4,0.14,19.59,20.5
2024-12-30 22:59:32.078739+00:00,14.64,0.82,7.03,2.05,19.32,20.5
2024-12-31 22:59:32.315957+00:00,16.3,1.42,6.2,4.69,18.91,20.5
2025-01-01 22:59:32.205638+00:00,11.61,0.2,4.75,3.19,19.4,20.5
2025-01-02 22:59:32.081047+00:00,15.86,13.53,3.45,7.45,19.64,20.5
2025-01-03 22:59:32.080953+00:00,17.77,11.37,4.79,3.58,19.68,20.5
2025-01-04 22:59:32.401967+00:00,18.48,5.47,5.38,1.85,19.5,20.5
2025-01-05 22:59:32.267677+00:00,13.17,0.29,5.68,1.2,19.56,20.5
2025-01-06 22:59:32.206838+00:00,9.69,1.28,5.56,6.03,19.3,20.5
2025-01-07 22:59:32.133071+00:00,15.92,6.07,5.25,9.19,19.33,20.5
2025-01-08 22:59:32.259064+00:00,17.66,5.26,6.15,3.53,19.42,20.5
2025-01-09 22:59:32.259311+00:00,18.69,1.42,6.08,1.95,19.2,20.5
2025-01-10 22:59:32.999835+00:00,18.69,17.49,5.38,1.01,19.31,20.5
2025-01-11 22:59:32.132551+00:00,21.18,2.78,7.27,1.01,19.37,20.5
2025-01-12 22:59:32.133272+00:00,18.24,7.9,6.13,-1.25,19.18,20.5
2025-01-13 22:59:32.464683+00:00,19.79,18.84,5.08,1.42,19.65,20.5
2025-01-14 22:59:32.380014+00:00,20.06,7.18,7.65,0.01,19.31,20.5
2025-01-15 22:59:32.379910+00:00,14.06,2.0,6.44,-0.24,19.09,20.5
2025-01-16 22:59:32.379410+00:00,16.38,1.18,5.95,5.22,19.32,20.5
2025-01-17 22:59:32.380150+00:00,18.04,1.73,8.44,3.11,19.56,20.5
2025-01-18 22:59:32.383223+00:00,19.96,1.24,4.66,1.6,19.33,20.5
2025-01-19 22:59:32.379846+00:00,20.21,1.12,6.29,-0.15,19.96,20.5
2025-01-20 22:59:32.478800+00:00,20.19,1.92,7.85,-0.37,19.24,20.5
2025-01-21 22:59:32.087435+00:00,20.66,3.77,7.85,-0.35,18.95,20.5
2025-01-22 22:59:32.101220+00:00,17.59,1.41,7.59,-0.78,19.08,20.5
2025-01-23 22:59:32.068485+00:00,14.12,4.6,5.56,2.01,19.14,20.5
2025-01-24 22:59:32.068398+00:00,11.64,0.51,6.37,5.16,18.92,20.5
2025-01-25 22:59:32.496794+00:00,13.37,2.95,4.47,7.42,19.47,20.5
2025-01-26 22:59:32.497233+00:00,15.73,7.78,5.04,5.85,20.09,20.5
2025-01-27 22:59:32.496723+00:00,9.02,18.72,4.14,3.7,19.53,20.5
2025-01-28 22:59:32.497414+00:00,10.7,2.34,5.59,9.8,19.67,20.5
2025-01-29 22:59:32.508764+00:00,11.79,6.76,3.46,8.27,19.73,20.5
2025-01-30 22:59:32.249772+00:00,14.14,2.54,5.36,7.28,20.1,20.5
2025-01-31 22:59:32.497336+00:00,17.3,9.21,4.83,5.14,19.8,20.5
2025-02-01 22:59:32.499007+00:00,19.49,26.0,4.47,2.27,19.95,20.5
2025-02-02 22:59:32.491691+00:00,20.53,26.68,5.17,0.28,20.14,20.5
2025-02-03 22:59:32.473710+00:00,19.59,25.38,4.86,-0.67,19.98,20.5
2025-02-04 22:59:32.311483+00:00,17.4,10.82,4.46,0.19,19.44,20.5
2025-02-05 22:59:32.290627+00:00,15.69,2.59,7.84,2.18,18.69,20.5
2025-02-06 22:59:32.311474+00:00,14.83,5.13,6.18,3.74,19.1,20.5
2025-02-07 22:59:32.503422+00:00,16.02,1.79,6.77,4.52,19.58,20.5
2025-02-08 22:59:32.073171+00:00,13.1,16.82,4.36,3.44,19.52,20.5
2025-02-09 22:59:32.059892+00:00,14.11,4.82,4.77,6.09,20.04,20.5
2025-02-10 22:59:32.224018+00:00,16.7,3.72,7.36,5.17,20.01,20.5
2025-02-11 22:59:32.251175+00:00,17.14,0.08,5.42,2.82,19.35,20.5
2025-02-12 22:59:32.401727+00:00,15.84,4.0,6.41,2.42,19.86,20.5
2025-02-13 22:59:32.370963+00:00,18.52,2.58,6.41,3.6,19.55,20.5
2025-02-14 22:59:32.417729+00:00,21.36,6.04,7.48,1.16,19.53,20.5
2025-02-15 22:59:32.111678+00:00,19.95,9.97,7.2,-1.42,19.2,20.5
2025-02-16 22:59:32.382613+00:00,19.09,23.15,6.14,-0.14,19.29,20.5
2025-02-17 22:59:32.296738+00:00,20.25,31.44,6.37,0.65,19.76,20.5
2025-02-18 22:59:32.298053+00:00,19.92,31.26,2.42,-0.41,19.31,20.5
2025-02-19 22:59:32.396774+00:00,17.4,17.58,7.74,-0.11,19.3,20.5
2025-02-20 22:59:32.433510+00:00,11.12,6.96,6.01,2.18,19.19,20.5
2025-02-21 22:59:32.462123+00:00,4.59,17.89,3.46,7.89,19.44,20.5
2025-02-22 22:59:32.445850+00:00,7.83,4.09,4.39,13.82,20.41,20.5
2025-02-23 22:59:32.430486+00:00,8.27,27.8,3.18,10.88,20.78,20.5
2025-02-24 22:59:32.229488+00:00,7.27,4.23,3.05,10.48,21.38,20.5
2025-02-25 22:59:32.281512+00:00,10.02,11.59,3.27,11.39,20.98,20.5
2025-02-26 22:59:32.144928+00:00,11.75,26.74,1.36,8.89,20.76,20.5
2025-02-27 22:59:32.163737+00:00,13.27,16.37,3.45,7.32,20.75,20.5
2025-02-28 22:59:32.170324+00:00,13.38,26.68,2.53,5.94,20.17,20.5
2025-03-01 22:59:32.373154+00:00,14.36,12.69,4.48,5.83,20.37,20.5
2025-03-02 22:59:32.429415+00:00,14.56,31.06,4.48,3.64,20.09,20.5
2025-03-03 22:59:32.226446+00:00,14.38,36.02,3.46,3.44,20.17,20.5
2025-03-04 22:59:32.392301+00:00,13.44,34.59,3.45,3.62,20.11,20.5
2025-03-05 22:59:32.195981+00:00,11.82,26.03,3.46,4.55,19.94,20.5
2025-03-06 22:59:32.126857+00:00,9.69,35.44,3.17,6.17,20.11,20.5
2025-03-07 22:59:32.459378+00:00,8.17,35.11,2.56,8.31,20.42,20.5
2025-03-08 22:59:32.354358+00:00,7.89,35.1,3.06,9.83,20.89,20.5
2025-03-09 22:59:32.136021+00:00,7.19,34.96,1.75,10.11,21.42,20.5
2025-03-10 22:59:32.128226+00:00,7.19,31.34,0.0,10.81,21.66,20.5
2025-03-11 22:59:32.464680+00:00,12.44,5.91,3.46,10.81,21.23,20.5
2025-03-12 22:59:32.451599+00:00,14.39,10.75,0.0,5.56,20.27,20.5
2025-03-13 22:59:32.452693+00:00,14.56,17.34,8.12,3.6,19.11,20.5
2025-03-14 22:59:32.059321+00:00,14.86,23.39,5.82,3.44,18.84,20.5
2025-03-15 22:59:32.354996+00:00,14.75,22.46,4.46,3.14,19.73,20.5
2025-03-16 22:59:32.159054+00:00,13.44,40.04,4.38,3.25,20.38,20.5
2025-03-17 22:59:32.300600+00:00,11.69,21.29,3.45,4.56,20.76,20.5
2025-03-18 22:59:32.118760+00:00,12.0,43.8,3.47,6.31,20.54,20.5
2025-03-19 22:59:32.185015+00:00,9.21,41.52,2.37,6.0,20.61,20.5
2025-03-20 22:59:32.168283+00:00,7.27,40.02,1.46,8.79,20.87,20.5
2025-03-21 22:59:32.211158+00:00,3.22,33.72,0.0,10.73,21.21,20.5
2025-03-22 22:59:32.212206+00:00,3.16,15.31,3.97,14.78,21.14,20.5
2025-03-23 22:59:32.263766+00:00,4.73,26.36,0.0,14.84,21.39,20.5
2025-03-24 22:59:32.272261+00:00,6.87,19.36,0.0,13.27,21.89,20.5
2025-03-25 22:59:32.365571+00:00,8.73,29.88,2.34,11.13,21.14,20.5
2025-03-26 22:59:32.390815+00:00,9.2,10.38,3.18,9.27,20.76,20.5
2025-03-27 22:59:32.266151+00:00,9.63,44.02,1.87,8.79,20.78,20.5
2025-03-28 22:59:32.421561+00:00,10.99,14.91,0.84,8.37,21.08,20.5
2025-03-29 22:59:32.140540+00:00,9.55,36.19,4.49,7.01,20.7,20.5
2025-03-30 21:59:32.108841+00:00,7.99,23.02,3.05,8.45,20.9,20.5
2025-03-31 21:59:32.268709+00:00,8.33,40.61,0.0,10.01,21.56,20.5
2025-04-01 21:59:32.206653+00:00,7.01,44.84,2.66,9.67,21.38,20.5
2025-04-02 21:59:32.416309+00:00,4.44,42.59,1.4,9.24,21.1,20.5
2025-04-03 21:59:32.416578+00:00,2.45,44.42,0.0,12.45,21.39,20.5
2025-04-04 21:59:32.417104+00:00,1.82,45.27,0.0,14.94,21.66,20.5
2025-04-05 21:59:32.416975+00:00,3.13,46.28,0.0,15.72,21.5,20.5
2025-04-06 21:59:32.341803+00:00,6.3,49.16,0.0,14.09,21.87,20.5
2025-04-07 21:59:32.172687+00:00,7.43,47.91,2.73,10.13,21.51,20.5
2025-04-08 21:59:32.172044+00:00,6.03,46.56,0.0,8.71,21.25,20.5
2025-04-09 21:59:32.212361+00:00,6.74,46.06,0.0,10.45,21.71,20.5
2025-04-10 21:59:32.171658+00:00,6.47,32.35,2.99,9.58,21.42,20.5
2025-04-11 21:59:32.156370+00:00,5.64,44.96,0.0,9.9,21.45,20.5
2025-04-12 21:59:32.156610+00:00,1.82,47.06,0.0,10.94,21.95,20.5
2025-04-13 21:59:32.237918+00:00,2.98,17.24,1.28,15.72,21.39,20.5
2025-04-14 21:59:32.075098+00:00,3.66,42.44,0.0,14.27,21.42,20.5
2025-04-15 21:59:32.246247+00:00,2.59,19.77,0.0,13.42,21.59,20.5
2025-04-16 21:59:32.256252+00:00,5.02,13.54,0.0,14.76,21.57,20.5
2025-04-17 21:59:32.442550+00:00,6.58,11.2,3.48,11.73,21.12,20.5
2025-04-18 21:59:32.442910+00:00,4.86,45.49,0.0,9.78,20.87,20.5
2025-04-19 21:59:32.482791+00:00,5.03,42.78,3.77,11.92,21.43,20.5
2025-04-20 21:59:32.441632+00:00,4.49,31.85,0.0,11.7,21.75,20.5
2025-04-21 21:59:32.135405+00:00,4.64,22.92,0.0,12.39,22.11,20.5
2025-04-22 21:59:32.250439+00:00,3.49,39.2,0.0,12.2,21.3,20.5
2025-04-23 21:59:32.250033+00:00,5.46,10.58,2.36,13.64,21.2,20.5
2025-04-24 21:59:32.246008+00:00,5.35,10.3,1.31,11.18,21.34,20.5
2025-04-25 21:59:32.246080+00:00,5.36,36.68,0.0,11.31,21.29,20.5
2025-04-26 21:59:32.245992+00:00,4.52,45.05,0.0,11.3,20.96,20.5
2025-04-27 21:59:32.096338+00:00,2.42,50.16,0.76,12.35,20.46,20.5
2025-04-28 21:59:32.096051+00:00,2.1,50.56,0.0,14.98,20.86,20.5
2025-04-29 21:59:32.096571+00:00,0.83,50.95,0.0,15.37,21.49,20.5
2025-04-30 21:59:32.097094+00:00,0.0,48.52,0.0,16.96,21.74,20.5
2025-05-01 21:59:32.095756+00:00,0.0,49.41,0.0,18.64,22.4,20.5
2025-05-02 21:59:32.227214+00:00,0.0,44.18,0.0,20.12,22.89,20.5
2025-05-03 21:59:32.233144+00:00,1.75,35.49,0.0,20.03,23.38,20.5
2025-05-04 21:59:32.233012+00:00,5.48,27.77,0.0,15.81,23.72,20.5
2025-05-05 21:59:32.365857+00:00,6.61,26.64,0.0,11.15,23.23,20.5
2025-05-06 21:59:32.274236+00:00,5.35,46.7,0.0,9.74,21.97,20.5
2025-05-07 21:59:32.247998+00:00,4.75,23.01,2.7,11.31,21.45,20.5
2025-05-08 21:59:32.147149+00:00,3.48,39.5,0.0,12.06,21.42,20.5
2025-05-09 21:59:32.226774+00:00,2.89,53.31,0.0,13.65,21.98,20.5
2025-05-10 21:59:32.227664+00:00,1.76,52.94,0.0,14.39,22.05,20.5
2025-05-11 21:59:32.409148+00:00,0.0,52.22,0.0,15.8,22.03,20.5
2025-05-12 21:59:32.320164+00:00,0.0,51.72,0.0,18.44,22.19,20.5
2025-05-13 21:59:32.334060+00:00,0.0,51.62,0.0,19.71,22.45,20.5
2025-05-14 21:59:32.352868+00:00,0.97,44.64,0.0,18.6,22.94,20.5
2025-05-15 21:59:32.393755+00:00,2.78,30.61,0.0,16.79,23.21,20.5
2025-05-16 21:59:32.394029+00:00,3.77,50.63,0.0,14.52,23.13,20.5
2025-05-17 21:59:32.273653+00:00,2.55,40.21,0.0,13.29,23.05,20.5
2025-05-18 21:59:32.487853+00:00,3.36,21.51,0.0,14.8,22.89,20.5
2025-05-19 21:59:32.485901+00:00,0.8,49.91,0.0,13.8,22.39,20.5
2025-05-20 21:59:32.304233+00:00,0.5,45.13,0.0,17.0,22.0,20.5
2025-05-21 21:59:32.148420+00:00,3.13,35.38,0.0,17.37,22.21,20.5
2025-05-22 21:59:32.097996+00:00,4.88,33.56,0.0,14.09,22.49,20.5
2025-05-23 21:59:32.082544+00:00,5.42,41.8,0.0,11.89,22.33,20.5
2025-05-24 21:59:32.081807+00:00,4.79,10.86,0.0,11.23,22.05,20.5
2025-05-25 21:59:32.081458+00:00,1.22,23.3,0.0,12.01,21.41,20.5
2025-05-26 21:59:32.081614+00:00,2.02,27.72,0.0,16.48,21.21,20.5
2025-05-27 21:59:32.157785+00:00,2.7,14.58,0.0,15.48,21.54,20.5
2025-05-28 21:59:32.354528+00:00,1.79,28.44,0.0,14.63,21.22,20.5
2025-05-29 21:59:32.095194+00:00,2.1,20.67,0.0,15.76,21.24,20.5
2025-05-30 21:59:32.106801+00:00,0.0,42.5,0.0,15.37,21.21,20.5
2025-05-31 21:59:32.475640+00:00,0.0,43.07,0.0,19.43,21.73,20.5
2025-06-01 21:59:32.475192+00:00,0.0,23.94,0.0,21.11,22.58,20.5
2025-06-02 21:59:32.371716+00:00,2.3,31.54,0.0,18.61,23.38,20.5
2025-06-03 21:59:32.371109+00:00,0.9,41.18,0.0,15.12,23.41,20.5
2025-06-04 21:59:32.343022+00:00,1.65,22.85,0.0,16.88,23.25,20.5
2025-06-05 21:59:32.057585+00:00,2.72,22.55,0.0,15.94,23.2,20.5
2025-06-06 21:59:32.056851+00:00,1.26,33.11,0.0,14.6,22.81,20.5
2025-06-07 21:59:32.199652+00:00,2.56,25.58,0.0,16.42,22.65,20.5
2025-06-08 21:59:32.318141+00:00,3.47,35.7,0.0,14.8,22.36,20.5
2025-06-09 21:59:32.293774+00:00,2.26,35.41,0.0,13.66,22.38,20.5
2025-06-10 21:59:32.299682+00:00,1.86,17.78,0.0,15.18,22.15,20.5
2025-06-11 21:59:32.253524+00:00,1.11,52.42,0.0,15.67,22.04,20.5
2025-06-12 21:59:32.122335+00:00,0.0,51.7,0.0,16.61,22.03,20.5
2025-06-13 21:59:32.120945+00:00,0.0,46.35,0.0,21.88,22.6,20.5
2025-06-14 21:59:32.346557+00:00,0.0,24.57,0.0,26.19,23.81,20.5
2025-06-15 21:59:32.460392+00:00,0.0,29.72,0.0,24.16,24.91,20.5
2025-06-16 21:59:32.460542+00:00,0.0,48.36,0.0,19.79,24.98,20.5
2025-06-17 21:59:32.460757+00:00,0.0,47.01,0.0,19.57,24.56,20.5
2025-06-18 21:59:32.075259+00:00,0.0,49.59,0.0,20.28,24.36,20.5
2025-06-19 21:59:32.451036+00:00,0.0,48.57,0.0,21.24,24.45,20.5
2025-06-20 21:59:32.451665+00:00,0.0,50.8,0.0,21.38,24.55,20.5
2025-06-21 21:59:32.288121+00:00,0.0,51.55,0.0,22.17,24.73,20.5
2025-06-22 21:59:32.181443+00:00,0.0,32.93,0.0,24.35,25.07,20.5
2025-06-23 21:59:32.364257+00:00,0.0,40.88,0.0,23.58,25.89,20.5
2025-06-24 21:59:32.278382+00:00,0.0,27.45,0.0,19.95,25.86,20.5
2025-06-25 21:59:32.471859+00:00,0.0,42.93,0.0,18.67,25.0,20.5
2025-06-26 21:59:32.212729+00:00,0.0,23.06,0.0,23.22,25.25,20.5
2025-06-27 21:59:32.206559+00:00,0.0,46.38,0.0,20.95,25.49,20.5
2025-06-28 21:59:32.136577+00:00,0.0,36.39,0.0,20.7,25.14,20.5
2025-06-29 21:59:32.440662+00:00,0.0,51.15,0.0,22.92,25.52,20.5
2025-06-30 21:59:32.279938+00:00,0.0,50.39,0.0,23.96,25.95,20.5
2025-07-01 21:59:32.309353+00:00,0.0,49.34,0.0,25.9,26.57,20.5
2025-07-02 21:59:32.328268+00:00,0.0,45.55,0.0,29.39,27.0,20.5
2025-07-03 21:59:32.516331+00:00,0.0,53.06,0.0,25.38,27.53,20.5
2025-07-04 21:59:32.190435+00:00,0.0,49.58,0.0,18.95,26.93,20.5
2025-07-05 21:59:32.426012+00:00,0.0,28.4,0.0,19.86,26.03,20.5
2025-07-06 21:59:32.424996+00:00,0.42,10.42,0.0,19.89,25.67,20.5
2025-07-07 21:59:32.433914+00:00,0.46,39.15,0.0,17.47,25.22,20.5
2025-07-08 21:59:32.477233+00:00,1.86,32.81,0.0,17.41,25.07,20.5
2025-07-09 21:59:32.484497+00:00,0.0,50.17,0.0,15.67,24.52,20.5
2025-07-10 21:59:32.484718+00:00,0.0,41.45,0.0,19.01,23.99,20.5
2025-07-11 21:59:32.294777+00:00,0.0,42.14,0.0,20.45,24.26,20.5
2025-07-12 21:59:32.293324+00:00,0.0,44.75,0.0,21.37,24.88,20.5
2025-07-13 21:59:32.294788+00:00,0.0,33.58,0.0,21.27,25.24,20.5
2025-07-14 21:59:32.382062+00:00,0.0,33.61,0.0,21.3,25.4,20.5
2025-07-15 21:59:32.382093+00:00,0.0,37.26,0.0,21.59,25.56,20.5
2025-07-16 21:59:32.175133+00:00,0.0,26.32,0.0,20.46,25.4,20.5
2025-07-17 21:59:32.088007+00:00,0.0,45.2,0.0,18.58,25.3,20.5
2025-07-18 21:59:32.211251+00:00,0.0,38.12,0.0,19.71,25.05,20.5
2025-07-19 21:59:32.211062+00:00,0.0,32.57,0.0,23.24,25.24,20.5
2025-07-20 21:59:32.210760+00:00,0.0,25.16,0.0,24.2,25.98,20.5
2025-07-21 21:59:32.471638+00:00,0.0,32.42,0.0,21.03,26.26,20.5
2025-07-22 21:59:32.471915+00:00,0.0,33.45,0.0,18.24,25.77,20.5
2025-07-23 21:59:32.485114+00:00,0.0,18.65,0.0,18.7,25.4,20.5
2025-07-24 21:59:32.483842+00:00,0.0,37.02,0.0,18.36,25.15,20.5
2025-07-25 21:59:32.187264+00:00,0.0,18.87,0.0,19.77,24.97,20.5
2025-07-26 21:59:32.187560+00:00,0.0,37.22,0.0,18.74,25.08,20.5
2025-07-27 21:59:32.489585+00:00,0.2,17.55,0.0,20.59,25.02,20.5
2025-07-28 21:59:32.125065+00:00,0.86,27.88,0.0,17.75,24.99,20.5
2025-07-29 21:59:32.268098+00:00,0.03,28.08,0.0,16.92,24.51,20.5
2025-07-30 21:59:32.057852+00:00,0.0,41.81,0.0,17.96,24.26,20.5
2025-07-31 21:59:32.409945+00:00,0.0,20.05,0.0,18.37,24.42,20.5
2025-08-01 21:59:32.299295+00:00,0.65,27.39,0.0,18.66,24.51,20.5
2025-08-02 21:59:32.194570+00:00,0.98,30.09,0.0,17.19,24.43,20.5
2025-08-03 21:59:32.360958+00:00,0.0,39.44,0.0,16.78,24.21,20.5
2025-08-04 21:59:32.252036+00:00,0.0,31.74,0.0,18.8,23.82,20.5
2025-08-05 21:59:32.349139+00:00,0.0,39.45,0.0,21.2,24.07,20.5
2025-08-06 21:59:32.392036+00:00,0.0,38.21,0.0,19.1,24.59,20.5
2025-08-07 21:59:32.259071+00:00,0.0,37.4,0.0,18.32,24.57,20.5
2025-08-08 21:59:32.258369+00:00,0.0,20.43,0.0,20.8,24.52,20.5
2025-08-09 21:59:32.258138+00:00,0.0,47.7,0.0,20.6,24.89,20.5
2025-08-10 21:59:32.257468+00:00,0.0,39.74,0.0,18.46,24.76,20.5
2025-08-11 21:59:32.350970+00:00,0.0,48.03,0.0,19.53,24.63,20.5
2025-08-12 21:59:32.351756+00:00,0.0,45.21,0.0,21.79,24.91,20.5
2025-08-13 21:59:32.421184+00:00,0.0,40.2,0.0,23.64,25.3,20.5
2025-08-14 21:59:32.421606+00:00,0.0,38.58,0.0,24.91,25.94,20.5
2025-08-15 21:59:32.466218+00:00,0.0,40.55,0.0,25.12,26.47,20.5
2025-08-16 21:59:32.346984+00:00,0.0,9.79,0.0,22.6,26.67,20.5
2025-08-17 21:59:32.468906+00:00,0.65,33.4,0.0,19.57,26.34,20.5
2025-08-18 21:59:32.192378+00:00,0.0,34.4,0.0,17.19,25.47,20.5
2025-08-19 21:59:32.128750+00:00,0.0,44.76,0.0,21.0,25.07,20.5
2025-08-20 21:59:32.129616+00:00,0.0,34.87,0.0,21.33,24.94,20.5
2025-08-21 21:59:32.129719+00:00,0.0,35.3,0.0,18.76,25.08,20.5
2025-08-22 21:59:32.143617+00:00,1.54,16.25,0.0,18.39,25.03,20.5
2025-08-23 21:59:32.129108+00:00,1.09,25.55,0.0,16.07,24.3,20.5
2025-08-24 21:59:32.508151+00:00,0.0,44.85,0.0,16.64,23.65,20.5
2025-08-25 21:59:32.129750+00:00,0.0,45.38,0.0,18.03,22.81,20.5
2025-08-26 21:59:32.129444+00:00,0.0,33.23,0.0,19.04,22.26,20.5
2025-08-27 21:59:32.103820+00:00,0.0,32.81,0.0,20.54,22.13,20.5
2025-08-28 21:59:32.381983+00:00,0.0,27.73,0.0,20.73,22.95,20.5
2025-08-29 21:59:32.344559+00:00,1.03,21.97,0.0,19.7,23.71,20.5
2025-08-30 21:59:32.345436+00:00,0.0,29.48,0.0,16.71,23.59,20.5
2025-08-31 21:59:32.378933+00:00,0.0,20.84,0.0,18.99,23.5,20.5
2025-09-01 21:59:32.457392+00:00,0.0,37.23,0.0,20.18,23.85,20.5
2025-09-02 21:59:32.456990+00:00,0.54,32.71,0.0,19.8,24.14,20.5
2025-09-03 21:59:32.456231+00:00,0.0,12.07,0.0,17.32,24.05,20.5
2025-09-04 21:59:32.306228+00:00,0.0,27.23,0.0,19.02,23.76,20.5
2025-09-05 21:59:32.348990+00:00,1.15,33.48,0.0,18.57,23.54,20.5
2025-09-06 21:59:32.305110+00:00,0.0,33.02,0.0,16.56,23.63,20.5
2025-09-07 21:59:32.145079+00:00,0.0,42.93,0.0,19.09,23.32,20.5
2025-09-08 21:59:32.145410+00:00,0.0,25.91,0.0,21.14,23.51,20.5
2025-09-09 21:59:32.230420+00:00,1.78,19.46,0.0,20.89,23.98,20.5
2025-09-10 21:59:32.245210+00:00,0.49,29.98,0.0,15.78,23.93,20.5
2025-09-11 21:59:32.230678+00:00,1.6,27.35,0.0,17.39,23.54,20.5
2025-09-12 21:59:32.231136+00:00,2.66,32.54,0.0,16.0,23.41,20.5
2025-09-13 21:59:32.415052+00:00,3.11,23.54,0.0,14.67,23.2,20.5
2025-09-14 21:59:32.240447+00:00,2.06,32.91,0.0,14.11,22.72,20.5
2025-09-15 21:59:32.224955+00:00,0.91,26.64,0.0,15.42,22.22,20.5
2025-09-16 21:59:32.225224+00:00,1.69,22.45,0.0,16.86,22.31,20.5
2025-09-17 21:59:32.225466+00:00,2.11,12.69,0.0,15.89,22.15,20.5
2025-09-18 21:59:32.331335+00:00,0.0,7.7,0.0,15.36,21.79,20.5
2025-09-19 21:59:32.174254+00:00,0.0,35.88,0.0,18.68,22.03,20.5
2025-09-20 21:59:32.278600+00:00,0.0,10.98,0.0,19.77,22.5,20.5
2025-09-21 21:59:32.411270+00:00,2.43,13.26,0.0,20.09,22.9,20.5
2025-09-22 21:59:32.262877+00:00,2.5,27.42,0.0,14.96,23.16,20.5
2025-09-23 21:59:32.350816+00:00,3.58,29.51,0.0,14.87,22.5,20.5
2025-09-24 21:59:32.348973+00:00,4.62,21.2,0.0,13.52,22.28,20.5
2025-09-25 21:59:32.180327+00:00,5.6,7.75,2.67,12.22,21.76,20.5
2025-09-26 21:59:32.474932+00:00,4.72,15.66,1.48,11.0,21.28,20.5
2025-09-27 21:59:32.357534+00:00,4.76,27.66,1.6,12.1,21.36,20.5
2025-09-28 21:59:32.331530+00:00,4.52,35.7,0.0,12.05,21.73,20.5
2025-09-29 21:59:32.153866+00:00,4.07,26.68,0.0,12.35,22.16,20.5
2025-09-30 21:59:32.385111+00:00,3.27,23.17,0.0,12.91,21.95,20.5
2025-10-01 21:59:32.203405+00:00,7.39,20.73,0.0,13.91,21.83,20.5
2025-10-02 21:59:32.489995+00:00,5.75,23.36,0.0,10.61,21.57,20.5
2025-10-03 21:59:32.253002+00:00,6.17,6.69,2.33,12.25,21.4,20.5
2025-10-04 21:59:32.394747+00:00,4.35,21.5,0.0,11.83,21.11,20.5
2025-10-05 21:59:32.372046+00:00,6.32,11.73,0.29,13.65,21.72,20.5
2025-10-06 21:59:32.371513+00:00,5.12,5.8,2.05,11.68,21.21,20.5
2025-10-07 21:59:32.201171+00:00,3.76,4.26,1.53,12.88,20.72,20.5
2025-10-08 21:59:32.260023+00:00,3.66,6.36,2.73,14.24,20.95,20.5
2025-10-09 21:59:32.235640+00:00,4.99,12.43,0.0,14.34,21.15,20.5
2025-10-10 21:59:32.234720+00:00,3.11,13.04,0.0,13.01,21.46,20.5
2025-10-11 21:59:32.246781+00:00,3.55,4.31,0.28,14.89,21.04,20.5
2025-10-12 21:59:32.278915+00:00,3.59,9.52,1.48,14.45,20.62,20.5
2025-10-13 21:59:32.164178+00:00,3.77,5.33,0.36,14.41,20.95,20.5
2025-10-14 21:59:32.176252+00:00,4.93,7.44,2.1,14.23,21.05,20.5
2025-10-15 21:59:32.166758+00:00,5.96,6.43,0.44,13.07,20.93,20.5
2025-10-16 21:59:32.289319+00:00,5.85,9.28,2.43,12.04,20.96,20.5
2025-10-17 21:59:32.309839+00:00,5.79,4.72,0.0,12.15,21.0,20.5
2025-10-18 21:59:32.365493+00:00,7.1,11.89,0.89,12.21,21.49,20.5
2025-10-19 21:59:32.340842+00:00,7.07,15.14,1.0,10.9,20.8,20.5
2025-10-20 21:59:32.341137+00:00,3.45,10.37,1.1,10.93,20.76,20.5
2025-10-21 21:59:32.340968+00:00,4.33,7.53,0.25,14.55,20.63,20.5
2025-10-22 21:59:32.413424+00:00,4.9,9.71,0.68,13.67,20.55,20.5
2025-10-23 21:59:32.161814+00:00,6.38,2.0,2.72,13.1,20.25,20.5
2025-10-24 21:59:32.143660+00:00,8.96,21.18,2.3,11.62,20.14,20.5
2025-10-25 21:59:32.347740+00:00,8.97,4.17,4.34,9.04,20.36,20.5
2025-10-26 22:59:32.358743+00:00,10.54,13.42,0.72,9.03,20.44,20.5
2025-10-27 22:59:32.289756+00:00,8.84,8.06,3.27,7.46,20.55,20.5
2025-10-28 22:59:32.346915+00:00,7.25,6.14,2.23,9.16,19.34,20.5
2025-10-29 22:59:32.410075+00:00,6.27,4.15,1.74,10.74,19.78,20.5
2025-10-30 22:59:32.304904+00:00,7.87,25.03,0.34,11.73,19.67,20.5
2025-10-31 22:59:32.197339+00:00,7.6,7.46,0.3,10.13,20.08,20.5
2025-11-01 22:59:32.197592+00:00,6.62,2.26,1.26,10.4,19.45,20.5
2025-11-02 22:59:32.197563+00:00,8.16,14.09,2.61,11.98,18.8,20.5
2025-11-03 22:59:32.394069+00:00,8.84,6.28,3.62,10.58,19.5,20.5
2025-11-04 22:59:32.486068+00:00,4.66,16.82,2.33,9.96,20.05,20.5
2025-11-05 22:59:32.191191+00:00,4.8,16.13,1.26,13.76,20.86,20.5
2025-11-06 22:59:32.483711+00:00,8.12,14.02,2.33,13.64,21.15,20.5
2025-11-07 22:59:32.125214+00:00,8.48,23.71,0.0,10.62,21.17,20.5
2025-11-08 22:59:32.136917+00:00,7.99,17.78,3.34,10.29,21.23,20.5
2025-11-09 22:59:32.125275+00:00,7.89,17.24,0.0,10.74,21.43,20.5
2025-11-10 22:59:32.124006+00:00,9.64,10.36,3.14,10.83,21.69,20.5
2025-11-11 22:59:32.123806+00:00,8.39,6.52,2.08,9.24,20.86,20.5
2025-11-12 22:59:32.151282+00:00,6.66,18.26,1.28,10.37,21.0,20.5
2025-11-13 22:59:32.243924+00:00,5.25,2.23,3.48,11.95,20.87,20.5
2025-11-14 22:59:32.243022+00:00,6.28,1.39,3.38,13.23,20.78,20.5
2025-11-15 22:59:33.037155+00:00,6.29,0.61,0.24,12.29,21.2,20.5
2025-11-16 22:59:32.405991+00:00,11.79,0.91,4.32,12.28,21.33,20.5
2025-11-17 22:59:32.139851+00:00,15.14,12.24,0.75,7.28,20.98,20.5
2025-11-18 22:59:32.140027+00:00,15.74,7.15,5.63,4.23,20.41,20.5
2025-11-19 22:59:32.331912+00:00,14.03,1.36,4.24,3.69,18.92,20.5
2025-11-20 22:59:32.327302+00:00,17.13,2.28,5.4,5.25,19.92,20.5
2025-11-21 22:59:32.497927+00:00,17.96,15.46,3.46,2.43,19.72,20.5
2025-11-22 22:59:32.295483+00:00,19.93,13.42,5.98,1.67,19.79,20.5
2025-11-23 22:59:32.329037+00:00,17.23,1.57,5.98,-0.12,19.64,20.5
2025-11-24 22:59:32.427813+00:00,13.67,5.21,5.69,2.34,19.45,20.5
2025-11-25 22:59:32.058336+00:00,15.63,4.29,5.11,5.57,19.42,20.5
2025-11-26 22:59:32.152608+00:00,15.65,14.58,3.75,3.79,19.52,20.5
2025-11-27 22:59:32.489749+00:00,14.41,0.33,6.32,3.76,19.64,20.5
2025-11-28 22:59:32.344083+00:00,10.32,0.95,4.39,4.9,19.35,20.5
2025-11-29 22:59:32.372243+00:00,9.8,2.82,5.74,8.62,19.95,20.5
2025-11-30 22:59:32.236743+00:00,13.09,6.33,3.46,9.08,20.65,20.5
2025-12-01 22:59:32.177912+00:00,14.14,4.95,3.46,6.09,20.97,20.5
2025-12-02 22:59:32.151212+00:00,11.31,3.39,4.3,5.15,20.05,20.5
2025-12-03 22:59:32.361731+00:00,11.23,2.82,3.46,7.72,19.71,20.5
2025-12-04 22:59:32.179429+00:00,12.25,12.59,3.46,7.79,19.85,20.5
2025-12-05 22:59:32.493926+00:00,15.68,2.91,4.34,6.86,19.95,20.5
2025-12-06 22:59:32.387824+00:00,10.7,1.78,4.48,3.76,19.81,20.5
2025-12-07 22:59:32.340792+00:00,7.96,1.08,4.48,8.27,19.84,20.5
2025-12-08 22:59:32.454003+00:00,5.78,0.78,3.46,10.76,20.22,20.5
2025-12-09 22:59:32.348336+00:00,5.82,5.59,2.24,12.75,20.57,20.5
2025-12-10 22:59:32.193444+00:00,6.44,3.04,2.32,12.71,20.74,20.5
2025-12-11 22:59:32.468886+00:00,11.03,3.12,3.46,12.15,20.72,20.5
2025-12-12 22:59:32.177922+00:00,10.37,1.46,3.46,7.97,20.6,20.5
2025-12-13 22:59:32.184259+00:00,11.54,7.28,3.29,8.57,20.53,20.5
2025-12-14 22:59:32.136364+00:00,12.9,1.47,4.31,7.51,20.93,20.5
2025-12-15 22:59:32.321677+00:00,12.11,15.49,2.63,6.27,20.64,20.5
2025-12-16 22:59:32.361015+00:00,9.65,7.68,3.46,6.99,20.47,20.5
2025-12-17 22:59:32.504425+00:00,11.08,1.37,3.46,9.23,20.2,20.5
2025-12-18 22:59:32.134339+00:00,8.22,6.0,3.46,7.93,20.32,20.5
2025-12-19 22:59:32.446968+00:00,9.56,3.69,3.46,10.53,20.04,20.5
2025-12-20 22:59:32.078246+00:00,15.03,2.08,4.06,9.31,20.23,20.5
2025-12-21 22:59:32.065158+00:00,11.45,8.38,3.87,4.34,20.62,20.5
2025-12-22 22:59:32.086589+00:00,15.18,11.3,3.46,7.59,20.6,21.0
2025-12-23 22:59:32.351368+00:00,14.69,0.78,5.6,4.2,20.33,21.0
2025-12-24 22:59:32.308361+00:00,18.57,17.83,4.29,4.65,19.87,21.0
2025-12-25 22:59:32.217368+00:00,22.24,16.87,6.97,1.12,20.19,21.0
2025-12-26 22:59:32.228775+00:00,21.68,16.56,7.2,-2.22,20.06,21.0
2025-12-27 22:59:32.224383+00:00,19.17,15.33,6.91,-1.72,19.68,21.0
2025-12-28 22:59:32.222333+00:00,16.61,16.46,5.5,0.57,19.99,21.0
2025-12-29 22:59:32.250918+00:00,18.23,1.25,6.73,2.9,19.86,21.0
2025-12-30 22:59:32.174228+00:00,19.68,15.1,5.48,1.44,19.55,21.0
2025-12-31 22:59:32.176066+00:00,19.02,4.52,7.13,0.11,19.67,21.0
2026-01-01 22:59:32.174931+00:00,15.87,0.56,6.94,0.71,19.94,21.0
2026-01-02 22:59:32.098904+00:00,16.92,9.18,5.99,3.57,19.17,21.0
2026-01-03 22:59:32.238835+00:00,19.2,0.49,6.92,2.62,19.48,21.0
2026-01-04 22:59:32.227825+00:00,19.64,3.98,6.77,0.55,19.72,21.0
2026-01-05 22:59:32.367736+00:00,21.67,1.72,7.3,0.14,19.67,21.0
2026-01-06 22:59:32.349362+00:00,22.02,2.96,7.04,-1.7,19.57,21.0
2026-01-07 22:59:32.135236+00:00,19.96,0.02,9.2,-2.02,19.61,21.0
2026-01-08 22:59:32.487059+00:00,18.24,1.39,7.66,-0.15,19.3,21.0
2026-01-09 22:59:32.278444+00:00,16.04,0.76,8.05,1.42,19.46,21.0
2026-01-10 22:59:32.274592+00:00,21.75,0.01,7.18,3.42,19.58,21.0
2026-01-11 22:59:32.274830+00:00,20.89,0.13,7.62,-1.77,19.86,21.0
2026-01-12 22:59:32.177787+00:00,13.92,0.72,7.84,-0.99,19.73,21.0
2026-01-13 22:59:32.512705+00:00,9.7,2.62,6.1,5.35,19.72,21.0
2026-01-14 22:59:32.520852+00:00,11.15,3.54,5.25,9.18,19.97,21.0
2026-01-15 22:59:32.440415+00:00,9.23,2.32,4.63,7.86,20.32,21.0
2026-01-16 22:59:32.103934+00:00,10.44,4.67,3.46,9.61,20.45,21.0
2026-01-17 22:59:32.446710+00:00,10.31,18.49,4.49,8.51,20.41,21.0
2026-01-18 22:59:32.391266+00:00,13.84,19.17,4.49,8.63,20.71,21.0
2026-01-19 22:59:32.401926+00:00,17.15,13.41,3.46,5.42,20.99,21.0
2026-01-20 22:59:32.408980+00:00,16.59,18.15,5.33,2.42,20.37,21.0
2026-01-21 22:59:32.248098+00:00,13.1,11.62,4.99,2.92,20.01,21.0
2026-01-22 22:59:32.158123+00:00,14.3,12.98,5.44,6.09,19.98,21.0
2026-01-23 22:59:32.158796+00:00,13.14,6.73,6.47,5.0,19.97,21.0
2026-01-24 22:59:32.086973+00:00,14.01,21.13,4.49,6.05,19.97,21.0
2026-01-25 22:59:32.398912+00:00,19.02,20.81,4.48,5.26,20.62,21.0
2026-01-26 22:59:32.093212+00:00,20.76,1.74,7.59,0.71,20.57,21.0
2026-01-27 22:59:32.432319+00:00,17.79,2.16,7.11,-0.87,19.56,21.0
2026-01-28 22:59:32.419765+00:00,15.15,1.3,5.53,1.83,19.63,21.0
2026-01-29 22:59:32.460198+00:00,19.01,1.41,6.34,4.23,20.01,21.0
2026-01-30 22:59:32.477009+00:00,17.01,15.53,5.26,0.72,19.9,21.0
2026-01-31 22:59:32.412817+00:00,12.87,5.36,4.47,2.54,19.9,21.0
2026-02-01 22:59:32.399649+00:00,14.18,6.34,5.06,6.3,20.22,21.0
2026-02-02 22:59:32.350621+00:00,13.68,7.86,4.43,5.11,20.18,21.0
2026-02-03 22:59:32.483390+00:00,16.78,2.2,7.09,5.56,19.85,21.0
2026-02-04 22:59:32.450323+00:00,12.14,21.32,3.46,2.75,19.59,21.0
2026-02-05 22:59:32.449201+00:00,15.03,6.85,6.4,6.96,20.19,21.0
2026-02-06 22:59:32.081490+00:00,12.6,3.71,5.31,4.4,19.69,21.0
2026-02-07 22:59:32.182733+00:00,11.43,19.98,4.49,6.59,20.04,21.0
2026-02-08 22:59:32.179244+00:00,13.61,24.51,4.07,7.6,20.93,21.0
2026-02-09 22:59:32.445499+00:00,15.93,4.31,4.5,5.63,21.32,21.0
2026-02-10 22:59:32.293182+00:00,13.35,4.47,5.52,3.52,20.43,21.0
2026-02-11 22:59:32.159502+00:00,9.35,3.38,3.7,5.86,20.0,21.0
2026-02-12 22:59:32.230349+00:00,10.6,3.42,4.54,9.51,20.5,21.0
2026-02-13 22:59:32.305354+00:00,14.36,4.5,4.56,8.36,20.35,21.0
2026-02-14 22:59:32.234806+00:00,19.06,17.46,4.91,4.97,20.25,21.0
2026-02-15 22:59:32.080982+00:00,20.5,17.7,7.17,0.67,20.24,21.0
2026-02-16 22:59:32.070629+00:00,14.52,10.25,6.25,-0.64,19.98,21.0
2026-02-17 22:59:32.087278+00:00,15.15,11.32,4.24,4.8,19.61,21.0
2026-02-18 23:59:32.492159+01:00,17.11,21.97,6.42,4.23,19.79,21
2026-02-19 23:59:32.288682+01:00,16.39,8.55,6.38,2.45,19.77,21
2026-02-20 23:59:32.099290+01:00,13.73,5.17,6.33,3.08,19.65,21
2026-02-21 23:59:32.520874+01:00,9.38,3.51,4.48,5.52,19.76,21
2026-02-22 23:59:32.518254+01:00,7.26,1.79,4.49,9.47,20.55,21
2026-02-23 23:59:32.519240+01:00,8.51,11.81,3.46,11.39,20.48,21
2026-02-24 23:59:32.799718+01:00,7.72,3.72,3.46,10.26,20.62,21
2026-02-25 23:59:32.242159+01:00,6.22,33.13,1.42,10.98,20.66,21
2026-02-26 23:59:32.229395+01:00,6.57,29.57,1.67,12.35,21.28,21
2026-02-27 23:59:32.299527+01:00,6.82,20.16,0.13,11.98,21.48,21
2026-02-28 23:59:32.375401+01:00,9.09,5.55,4.49,11.8,21.17,21
2026-03-01 23:59:32.450908+01:00,10.01,23.92,4.09,9.74,20.85,21
2026-03-02 23:59:32.441896+01:00,8.04,35.39,2.19,7.99,21.27,21
2026-03-03 23:59:32.486258+01:00,8.4,33.28,2.39,9.95,21.36,21
2026-03-04 23:59:32.383255+01:00,8.69,26.61,2.41,9.6,21.45,21
2026-03-05 23:59:32.445866+01:00,7.39,34.96,0.0,9.31,21.48,21
2026-03-06 23:59:32.439912+01:00,6.83,24.45,3.46,10.61,21.52,21
2026-03-07 23:59:32.227170+01:00,7.91,24.04,2.6,11.17,21.06,21
2026-03-08 23:59:32.157506+01:00,9.01,19.97,3.1,10.09,21.93,21
2026-03-09 23:59:32.108945+01:00,7.68,31.69,0.0,8.99,21.88,21
2026-03-10 23:59:32.410631+01:00,8.19,12.47,3.46,10.32,21.64,21
2026-03-11 23:59:32.151758+01:00,8.68,9.34,3.48,9.77,20.87,21
2026-03-12 23:59:32.142686+01:00,9.35,28.2,3.46,9.32,20.93,21
2026-03-13 23:59:32.141427+01:00,9.69,4.79,3.48,8.65,20.94,21
2026-03-14 23:59:32.141030+01:00,12.58,16.34,4.48,8.3,20.65,21
2026-03-15 23:59:32.421193+01:00,12.2,39.34,4.37,5.42,20.81,21
2026-03-16 23:59:32.471854+01:00,9.69,25.63,3.46,5.8,21.18,21
2026-03-17 23:59:32.143238+01:00,7.08,27.73,2.37,8.31,21.26,21
2026-03-18 23:59:32.294022+01:00,8.19,41.42,0.0,10.91,21.34,21
2026-03-19 23:59:32.459000+01:00,8.15,38.62,2.3,9.83,21.33,21
2026-03-20 23:59:32.263552+01:00,9.17,34.0,1.78,9.85,21.25,21
2026-03-21 23:59:32.436353+01:00,10.89,37.08,4.15,8.83,21.47,21
2026-03-22 23:59:32.433105+01:00,10.04,40.13,3.36,7.11,21.67,21
2026-03-23 23:59:32.230172+01:00,9.1,30.83,0.0,7.96,22.0,21
2026-03-24 23:59:32.183257+01:00,7.25,25.63,3.48,8.9,21.5,21
2026-03-25 23:59:32.080367+01:00,9.71,25.68,3.46,10.75,20.81,21
2026-03-26 23:59:32.079738+01:00,13.97,35.43,2.49,8.29,21.45,21
2026-03-27 23:59:32.416221+01:00,13.38,26.93,3.46,4.03,21.25,21
2026-03-28 23:59:32.432480+01:00,10.99,39.65,4.49,4.62,20.32,21
2026-03-29 23:59:32.327939+02:00,11.75,32.84,4.45,7.01,20.75,21
2026-03-30 23:59:32.258778+02:00,10.18,32.28,3.46,6.25,21.23,21
2026-03-31 23:59:32.163158+02:00,11.39,18.67,3.52,7.82,21.2,21
2026-04-01 23:59:32.245689+02:00,8.06,35.0,3.46,6.61,20.7,21
2026-04-02 23:59:32.452138+02:00,8.44,10.35,3.46,7.93,20.89,21
2026-04-03 23:59:32.429951+02:00,8.37,19.35,3.48,7.45,21.07,21
2026-04-04 23:59:32.331218+02:00,4.34,23.68,3.91,7.54,20.76,21
2026-04-05 23:59:32.345442+02:00,4.74,18.35,0.94,12.57,21.49,21
2026-04-06 23:59:32.336934+02:00,7.35,42.19,2.82,12.06,21.57,21
2026-04-07 23:59:32.323849+02:00,5.04,48.07,0.24,8.81,21.31,21
2026-04-08 23:59:32.320275+02:00,3.83,46.97,2.55,11.64,21.77,21
2026-04-09 23:59:32.314502+02:00,2.34,39.31,0.0,13.21,21.82,21
2026-04-10 23:59:32.321017+02:00,5.84,23.85,0.0,15.07,22.48,21
2026-04-11 23:59:32.321699+02:00,5.44,21.24,4.34,10.69,21.78,21
2026-04-12 23:59:32.225891+02:00,6.66,37.12,2.21,11.2,21.38,21
2026-04-13 23:59:32.149043+02:00,7.27,23.83,2.69,9.67,21.98,21
2026-04-14 23:59:32.123657+02:00,6.7,42.62,0.0,8.91,21.68,21
2026-04-15 23:59:32.106681+02:00,4.72,44.71,3.16,9.61,21.69,21
2026-04-16 23:59:32.425783+02:00,3.14,32.22,0.0,12.1,21.67,21
2026-04-17 23:59:32.193566+02:00,3.79,36.67,0.0,14.08,22.58,21
2026-04-18 23:59:32.183176+02:00,5.06,9.22,2.31,13.26,22.22,21
2026-04-19 23:59:32.096998+02:00,6.23,37.14,2.98,11.68,21.71,21
2026-04-20 23:59:32.108707+02:00,7.62,31.13,0.11,10.2,22.02,21
