timestamp,dd,solar,hour
2023-11-10 23:59:32.458039+01:00,12.23,3.982,2.87
2023-11-11 23:59:32.459778+01:00,12.94,13.723,3.14
2023-11-12 23:59:32.462220+01:00,14.45,4.925,3.5
2023-11-13 23:59:32.462167+01:00,8.49,2.138,3.19
2023-11-14 23:59:32.338942+01:00,8.61,2.444,2.91
2023-11-15 23:59:32.195198+01:00,9.83,10.685,2.88
2023-11-16 23:59:32.501044+01:00,12.8,1.955,1.28
2023-11-17 23:59:32.316366+01:00,13.35,8.742,2.97
2023-11-18 23:59:32.082785+01:00,11.84,0.849,3.42
2023-11-19 23:59:32.077198+01:00,7.3,10.85,1.9
2023-11-20 23:59:32.431964+01:00,9.91,6.395,2.48
2023-11-21 23:59:32.295705+01:00,11.44,2.678,2.91
2023-11-22 23:59:32.377740+01:00,16.14,2.994,2.96
2023-11-23 23:59:32.385890+01:00,9.31,5.346,2.91
2023-11-24 23:59:32.376194+01:00,12.96,8.61,2.9
2023-11-25 23:59:32.373666+01:00,14.91,12.31,3.47
2023-11-26 23:59:32.373647+01:00,14.79,2.589,3.69
2023-11-27 23:59:32.379920+01:00,14.92,0.322,6.05
2023-11-28 23:59:32.213947+01:00,18.59,20.342,2.94
2023-11-29 23:59:32.217384+01:00,19.05,5.393,5.41
2023-11-30 23:59:32.222641+01:00,21.27,1.899,6.77
2023-12-01 23:59:32.224533+01:00,21.3,1.233,5.75
2023-12-02 23:59:32.107119+01:00,21.97,14.653,2.96
2023-12-03 23:59:32.107436+01:00,20.61,4.766,8.89
2023-12-04 23:59:32.116642+01:00,18.36,1.349,6.73
2023-12-05 23:59:32.191254+01:00,16.93,0.869,6.17
2023-12-06 23:59:32.176803+01:00,16.8,5.413,5.38
2023-12-07 23:59:32.251031+01:00,17.67,8.089,5.98
2023-12-08 23:59:32.255888+01:00,14.37,1.203,5.63
2023-12-09 23:59:32.109040+01:00,11.94,0.814,5.08
2023-12-10 23:59:32.103738+01:00,9.72,6.051,3.42
2023-12-11 23:59:32.497717+01:00,9.83,1.459,3.87
2023-12-12 23:59:32.502503+01:00,11.18,4.176,3.31
2023-12-13 23:59:32.504794+01:00,11.09,2.91,3.1
2023-12-14 23:59:32.177489+01:00,13.88,7.53,2.89
2023-12-15 23:59:32.186292+01:00,12.18,2.129,5.68
2023-12-16 23:59:32.176812+01:00,11.75,1.641,3.46
2023-12-17 23:59:32.119874+01:00,12.18,14.868,3.46
2023-12-18 23:59:32.120168+01:00,14.75,1.283,3.12
2023-12-19 23:59:32.120101+01:00,12.82,0.09,5.07
2023-12-20 23:59:32.249731+01:00,12.8,3.803,3.6
2023-12-21 23:59:32.249135+01:00,8.73,2.096,3.55
2023-12-22 23:59:32.385164+01:00,9.12,1.278,0.85
2023-12-23 23:59:32.382910+01:00,8.99,1.848,0.0
2023-12-24 23:59:32.382457+01:00,8.04,0.165,7.42
2023-12-25 23:59:32.303520+01:00,7.56,1.028,2.93
2023-12-26 23:59:32.105788+01:00,10.55,9.274,2.92
2023-12-27 23:59:32.183107+01:00,11.78,2.026,3.39
2023-12-28 23:59:32.183405+01:00,8.91,3.68,3.19
2023-12-29 23:59:32.399740+01:00,9.35,2.464,2.95
2023-12-30 23:59:32.091110+01:00,11.07,7.948,3.44
2023-12-31 23:59:32.257530+01:00,10.51,3.5,3.48
2024-01-01 23:59:32.106161+01:00,12.75,4.046,3.08
2024-01-02 23:59:32.103187+01:00,8.81,0.562,4.46
2024-01-03 23:59:32.429947+01:00,10.03,2.184,3.26
2024-01-04 23:59:32.436773+01:00,11.22,5.662,2.97
2024-01-05 23:59:32.165969+01:00,12.42,1.199,3.6
2024-01-06 23:59:32.110208+01:00,15.35,0.295,4.32
2024-01-07 23:59:32.147775+01:00,19.88,0.896,6.19
2024-01-08 23:59:32.242815+01:00,22.74,6.468,5.82
2024-01-09 23:59:32.201342+01:00,24.38,21.307,6.92
2024-01-10 23:59:32.411136+01:00,24.84,18.89,1.53
2024-01-11 23:59:32.399433+01:00,23.57,19.27,3.05
2024-01-12 23:59:32.467622+01:00,18.22,1.977,13.98
2024-01-13 23:59:32.077428+01:00,17.9,0.472,6.93
2024-01-14 23:59:32.127844+01:00,19.65,1.346,6.95
2024-01-15 23:59:32.125062+01:00,19.49,4.35,7.82
2024-01-16 23:59:32.280474+01:00,21.21,9.238,5.7
2024-01-17 23:59:32.283951+01:00,23.17,1.193,7.37
2024-01-18 23:59:32.361241+01:00,21.61,17.307,6.67
2024-01-19 23:59:32.341654+01:00,22.06,21.004,6.24
2024-01-20 23:59:32.359151+01:00,21.95,12.912,6.43
2024-01-21 23:59:32.126221+01:00,17.38,3.28,7.45
2024-01-22 23:59:32.126346+01:00,9.47,7.645,6.1
2024-01-23 23:59:32.417727+01:00,11.87,7.689,4.76
2024-01-24 23:59:32.420933+01:00,8.15,10.052,3.62
2024-01-25 23:59:32.419138+01:00,12.38,3.785,3.98
2024-01-26 23:59:32.422066+01:00,11.4,11.94,3.1
2024-01-27 23:59:32.176538+01:00,17.96,19.741,3.45
2024-01-28 23:59:32.168328+01:00,16.72,20.366,4.85
2024-01-29 23:59:32.173916+01:00,13.11,16.972,4.51
2024-01-30 23:59:32.503034+01:00,11.21,4.013,3.99
2024-01-31 23:59:32.179265+01:00,12.79,4.766,3.73
2024-02-01 23:59:32.487147+01:00,12.74,23.924,2.98
2024-02-02 23:59:32.570084+01:00,13.0,2.98,5.04
2024-02-03 23:59:32.484878+01:00,9.26,1.413,3.48
2024-02-04 23:59:32.472168+01:00,8.35,4.306,3.47
2024-02-05 23:59:32.409856+01:00,9.78,5.704,0.0
2024-02-06 23:59:32.439147+01:00,9.15,2.431,6.56
2024-02-07 23:59:32.235231+01:00,14.42,3.839,3.07
2024-02-08 23:59:32.441543+01:00,13.9,1.412,5.94
2024-02-09 23:59:32.443230+01:00,8.2,7.246,2.96
2024-02-10 23:59:32.504326+01:00,8.37,8.567,3.48
2024-02-11 23:59:32.452959+01:00,10.44,5.304,0.0
2024-02-12 23:59:32.450999+01:00,12.65,16.004,3.42
2024-02-13 23:59:32.343162+01:00,13.84,19.809,3.16
2024-02-14 23:59:32.339408+01:00,8.48,1.98,4.52
2024-02-15 23:59:32.339971+01:00,6.13,9.952,2.98
2024-02-16 23:59:32.455273+01:00,7.66,3.675,3.06
2024-02-17 23:59:32.097937+01:00,8.56,12.269,3.48
2024-02-18 23:59:32.126377+01:00,9.59,2.205,3.04
2024-02-19 23:59:32.421243+01:00,10.22,3.731,2.97
2024-02-20 23:59:32.421985+01:00,11.61,13.775,0.0
2024-02-21 23:59:32.371300+01:00,10.52,4.856,3.02
2024-02-22 23:59:32.373153+01:00,9.53,4.256,3.48
2024-02-23 23:59:32.372545+01:00,13.66,8.743,4.09
2024-02-24 23:59:32.197044+01:00,14.44,7.842,4.3
2024-02-25 23:59:32.196386+01:00,12.41,16.235,3.48
2024-02-26 23:59:32.409648+01:00,14.63,2.096,5.05
2024-02-27 23:59:32.373347+01:00,14.5,29.437,3.21
2024-02-28 23:59:32.407538+01:00,15.38,6.475,4.88
2024-02-29 23:59:32.194724+01:00,11.83,3.238,4.68
2024-03-01 23:59:32.084520+01:00,10.56,14.352,3.8
2024-03-02 23:59:32.066434+01:00,9.94,25.356,3.49
2024-03-03 23:59:32.270878+01:00,8.9,10.577,3.19
2024-03-04 23:59:32.274918+01:00,10.67,28.096,2.08
2024-03-05 23:59:32.315023+01:00,12.19,10.553,2.95
2024-03-06 23:59:32.441001+01:00,11.38,32.597,2.91
2024-03-07 23:59:32.440044+01:00,12.39,28.856,2.96
2024-03-08 23:59:32.228265+01:00,12.01,37.395,2.96
2024-03-09 23:59:32.081874+01:00,8.72,17.66,3.5
2024-03-10 23:59:32.335321+01:00,8.0,12.207,3.47
2024-03-11 23:59:32.139531+01:00,10.39,2.526,2.96
2024-03-12 23:59:32.136709+01:00,10.24,8.211,2.98
2024-03-13 23:59:32.407174+01:00,7.19,6.425,2.95
2024-03-14 23:59:32.342436+01:00,6.06,33.389,1.64
2024-03-15 23:59:32.266278+01:00,5.63,12.628,2.96
2024-03-16 23:59:32.155245+01:00,9.57,12.103,3.0
2024-03-17 23:59:32.366155+01:00,8.43,14.302,0.25
2024-03-18 23:59:32.417346+01:00,6.95,22.293,2.96
2024-03-19 23:59:32.088108+01:00,6.07,28.728,0.0
2024-03-20 23:59:32.168720+01:00,5.98,28.504,0.0
2024-03-21 23:59:32.382698+01:00,7.99,12.368,2.96
2024-03-22 23:59:32.083060+01:00,8.2,5.081,2.96
2024-03-23 23:59:32.206293+01:00,12.12,25.817,2.89
2024-03-24 23:59:32.221903+01:00,11.92,14.768,3.48
2024-03-25 23:59:32.222360+01:00,11.48,36.6,2.96
2024-03-26 23:59:32.406248+01:00,8.86,15.378,2.96
2024-03-27 23:59:32.501848+01:00,8.47,19.709,2.96
2024-03-28 23:59:32.174416+01:00,9.24,22.141,2.98
2024-03-29 23:59:32.286859+01:00,7.13,24.651,2.96
2024-03-30 23:59:32.132878+01:00,9.24,7.132,3.47
2024-03-31 23:59:32.134601+02:00,7.98,17.695,2.74
2024-04-01 23:59:32.359879+02:00,6.54,21.75,2.98
2024-04-02 23:59:32.249840+02:00,6.82,11.226,2.96
2024-04-03 23:59:32.181578+02:00,5.7,13.447,2.98
2024-04-04 23:59:32.257506+02:00,4.77,21.843,2.73
2024-04-05 23:59:32.170835+02:00,3.07,18.538,1.1
2024-04-06 23:59:32.347676+02:00,0.0,33.133,0.0
2024-04-07 23:59:32.345559+02:00,0.66,37.521,0.0
2024-04-08 23:59:32.142185+02:00,1.94,28.041,0.0
2024-04-09 23:59:32.140953+02:00,5.16,21.394,0.0
2024-04-10 23:59:32.262953+02:00,5.71,47.994,0.0
2024-04-11 23:59:32.263676+02:00,4.26,7.029,2.96
2024-04-12 23:59:32.309922+02:00,1.17,29.563,0.0
2024-04-13 23:59:32.263095+02:00,0.42,41.41,0.0
2024-04-14 23:59:32.263334+02:00,3.69,36.4,0.0
2024-04-15 23:59:32.263162+02:00,7.91,17.94,1.6
2024-04-16 23:59:32.483175+02:00,8.99,18.399,2.94
2024-04-17 23:59:32.483175+02:00,10.2,24.614,2.64
2024-04-18 23:59:32.392186+02:00,9.02,35.52,2.96
2024-04-19 23:59:32.392125+02:00,7.84,27.535,2.17
2024-04-20 23:59:32.418185+02:00,8.98,29.515,0.0
2024-04-21 23:59:32.202347+02:00,9.55,32.795,3.4
2024-04-22 23:59:32.201949+02:00,9.63,31.164,4.07
2024-04-23 23:59:32.202545+02:00,10.02,41.994,2.98
2024-04-24 23:59:32.202498+02:00,9.55,31.668,2.96
2024-04-25 23:59:32.287080+02:00,9.06,22.13,2.98
2024-04-26 23:59:32.286269+02:00,7.46,23.059,0.0
2024-04-27 23:59:32.287185+02:00,5.02,25.413,0.0
2024-04-28 23:59:32.055803+02:00,3.68,21.654,7.08
2024-04-29 23:59:32.104828+02:00,3.88,42.499,1.85
2024-04-30 23:59:32.295099+02:00,0.86,39.008,0.0
2024-05-01 23:59:32.087900+02:00,0.0,46.672,0.0
2024-05-02 23:59:32.197447+02:00,0.85,37.351,0.0
2024-05-03 23:59:32.495490+02:00,5.13,15.63,0.0
2024-05-04 23:59:32.447730+02:00,6.14,21.376,0.0
2024-05-05 23:59:32.447994+02:00,3.8,37.922,0.0
2024-05-06 23:59:32.747133+02:00,2.99,16.745,0.0
2024-05-07 23:59:32.457749+02:00,2.34,39.486,0.0
2024-05-08 23:59:32.296843+02:00,4.78,12.447,0.0
2024-05-09 23:59:32.300118+02:00,3.5,40.223,0.0
2024-05-10 23:59:32.443104+02:00,1.34,46.612,0.0
2024-05-11 23:59:32.474641+02:00,0.0,48.354,0.0
2024-05-12 23:59:32.329525+02:00,0.0,45.018,0.0
2024-05-13 23:59:32.328711+02:00,0.0,35.263,0.0
2024-05-14 23:59:32.272001+02:00,0.0,50.491,0.0
2024-05-15 23:59:32.273107+02:00,1.69,10.596,0.0
2024-05-16 23:59:32.271937+02:00,1.74,24.829,0.0
2024-05-17 23:59:32.262150+02:00,3.09,17.465,0.0
2024-05-18 23:59:32.279812+02:00,2.17,28.676,0.0
2024-05-19 23:59:32.239601+02:00,2.3,29.551,0.0
2024-05-20 23:59:32.238065+02:00,2.21,30.193,0.0
2024-05-21 23:59:32.262388+02:00,1.61,26.468,0.0
2024-05-22 23:59:32.472372+02:00,2.08,22.71,0.0
2024-05-23 23:59:32.402519+02:00,2.22,28.372,0.0
2024-05-24 23:59:32.307180+02:00,3.99,9.566,0.0
2024-05-25 23:59:32.307452+02:00,3.26,17.956,0.0
2024-05-26 23:59:32.307114+02:00,2.83,19.649,0.0
2024-05-27 23:59:32.330540+02:00,2.77,25.746,0.0
2024-05-28 23:59:32.329451+02:00,3.58,24.136,0.0
2024-05-29 23:59:32.329753+02:00,1.58,25.188,0.0
2024-05-30 23:59:32.554902+02:00,2.88,31.229,0.0
2024-05-31 23:59:32.496606+02:00,1.27,28.615,0.0
2024-06-01 23:59:32.503540+02:00,1.66,6.58,0.0
2024-06-02 23:59:32.334295+02:00,0.98,24.982,0.0
2024-06-03 23:59:32.155598+02:00,0.95,23.711,0.0
2024-06-04 23:59:32.154561+02:00,0.0,33.792,0.0
2024-06-05 23:59:32.449214+02:00,0.0,47.088,0.0
2024-06-06 23:59:32.434490+02:00,0.0,36.117,0.0
2024-06-07 23:59:32.401887+02:00,0.0,47.012,0.0
2024-06-08 23:59:32.157645+02:00,0.0,30.355,0.0
2024-06-09 23:59:32.156993+02:00,0.12,53.097,0.0
2024-06-10 23:59:32.156963+02:00,2.14,16.859,0.0
2024-06-11 23:59:32.209141+02:00,1.74,38.989,0.0
2024-06-12 23:59:32.377715+02:00,1.48,30.3,0.0
2024-06-13 23:59:32.378582+02:00,0.0,40.297,0.0
2024-06-14 23:59:32.154233+02:00,0.0,16.175,0.0
2024-06-15 23:59:32.276285+02:00,0.0,28.433,0.0
2024-06-16 23:59:32.277861+02:00,0.0,27.317,0.0
2024-06-17 23:59:32.083246+02:00,0.0,35.755,0.0
2024-06-18 23:59:32.084006+02:00,0.0,7.703,0.0
2024-06-19 23:59:32.083603+02:00,0.0,38.319,0.0
2024-06-20 23:59:32.083917+02:00,0.0,24.202,0.0
2024-06-21 23:59:32.294087+02:00,0.0,10.516,0.0
2024-06-22 23:59:32.130715+02:00,0.0,31.011,0.0
2024-06-23 23:59:32.158077+02:00,0.0,47.69,0.0
2024-06-24 23:59:32.147017+02:00,0.0,44.4,0.0
2024-06-25 23:59:32.117650+02:00,0.0,50.764,0.0
2024-06-26 23:59:32.316745+02:00,0.0,50.899,0.0
2024-06-27 23:59:32.358074+02:00,0.0,47.793,0.0
2024-06-28 23:59:32.089869+02:00,0.0,47.012,0.0
2024-06-29 23:59:32.054337+02:00,0.0,42.803,0.0
2024-06-30 23:59:32.257330+02:00,0.0,33.253,0.0
2024-07-01 23:59:32.215003+02:00,0.0,31.531,0.0
2024-07-02 23:59:32.204304+02:00,0.0,19.338,0.0
2024-07-03 23:59:32.446005+02:00,0.4,15.401,0.0
2024-07-04 23:59:32.255828+02:00,0.0,41.491,0.0
2024-07-05 23:59:32.255106+02:00,0.0,19.941,0.0
2024-07-06 23:59:32.256392+02:00,0.0,33.903,0.0
2024-07-07 23:59:32.256132+02:00,0.0,27.025,0.0
2024-07-08 23:59:32.205297+02:00,0.0,34.578,0.0
2024-07-09 23:59:32.205582+02:00,0.0,35.333,0.0
2024-07-10 23:59:32.205383+02:00,0.0,35.32,0.0
2024-07-11 23:59:32.127399+02:00,0.0,43.116,0.0
2024-07-12 23:59:32.127831+02:00,0.09,13.223,0.0
2024-07-13 23:59:32.430177+02:00,1.2,28.742,0.0
2024-07-14 23:59:32.306711+02:00,0.55,41.818,0.0
2024-07-15 23:59:32.307694+02:00,0.0,39.479,0.0
2024-07-16 23:59:32.267992+02:00,0.0,33.297,0.0
2024-07-17 23:59:32.268122+02:00,0.0,39.71,0.0
2024-07-18 23:59:32.268195+02:00,0.0,48.665,0.0
2024-07-19 23:59:32.267883+02:00,0.0,41.019,0.0
2024-07-20 23:59:32.268014+02:00,0.0,41.966,0.0
2024-07-21 23:59:32.265899+02:00,0.0,17.597,0.0
2024-07-22 23:59:32.264720+02:00,0.0,44.68,0.0
2024-07-23 23:59:32.655276+02:00,0.0,28.942,0.0
2024-07-24 23:59:32.124548+02:00,0.0,38.051,0.0
2024-07-25 23:59:32.179603+02:00,0.0,25.141,0.0
2024-07-26 23:59:32.124933+02:00,0.0,27.971,0.0
2024-07-27 23:59:32.125171+02:00,0.0,24.601,0.0
2024-07-28 23:59:32.124086+02:00,0.0,44.058,0.0
2024-07-29 23:59:32.447539+02:00,0.0,50.999,0.0
2024-07-30 23:59:32.333388+02:00,0.0,48.083,0.0
2024-07-31 23:59:32.332229+02:00,0.0,25.524,0.0
2024-08-01 23:59:32.059796+02:00,0.0,15.421,0.0
2024-08-02 23:59:32.340464+02:00,0.0,33.878,0.0
2024-08-03 23:59:32.087281+02:00,0.0,24.139,0.0
2024-08-04 23:59:32.082875+02:00,0.0,23.282,0.0
2024-08-05 23:59:32.263111+02:00,0.0,49.279,0.0
2024-08-06 23:59:32.409288+02:00,0.0,47.064,0.0
2024-08-07 23:59:32.394142+02:00,0.0,24.455,0.0
2024-08-08 23:59:32.160170+02:00,0.0,43.291,0.0
2024-08-09 23:59:32.140632+02:00,0.0,22.753,0.0
2024-08-10 23:59:32.149331+02:00,0.0,46.055,0.0
2024-08-11 23:59:32.141794+02:00,0.0,47.868,0.0
2024-08-12 23:59:32.173099+02:00,0.0,46.607,0.0
2024-08-13 23:59:32.171891+02:00,0.0,41.726,0.0
2024-08-14 23:59:32.236716+02:00,0.0,15.931,0.0
2024-08-15 23:59:32.237589+02:00,0.0,41.716,0.0
2024-08-16 23:59:32.289996+02:00,0.0,10.413,0.0
2024-08-17 23:59:32.237951+02:00,0.0,36.581,0.0
2024-08-18 23:59:32.261189+02:00,0.0,28.747,0.0
2024-08-19 23:59:32.316807+02:00,0.06,42.546,0.0
2024-08-20 23:59:32.203391+02:00,0.0,26.636,0.0
2024-08-21 23:59:32.167548+02:00,0.93,33.169,0.0
2024-08-22 23:59:32.094938+02:00,0.0,38.389,0.0
2024-08-23 23:59:32.214789+02:00,0.0,19.528,0.0
2024-08-24 23:59:32.213429+02:00,0.0,26.401,0.0
2024-08-25 23:59:32.215372+02:00,0.75,41.317,0.0
2024-08-26 23:59:32.249806+02:00,0.67,32.9,0.0
2024-08-27 23:59:32.213755+02:00,0.0,43.99,0.0
2024-08-28 23:59:32.214793+02:00,0.0,44.372,0.0
2024-08-29 23:59:32.213651+02:00,0.0,35.356,0.0
2024-08-30 23:59:32.156226+02:00,0.0,19.31,0.0
2024-08-31 23:59:32.217133+02:00,0.0,39.843,0.0
2024-09-01 23:59:32.213268+02:00,0.0,38.037,0.0
2024-09-02 23:59:32.346765+02:00,0.0,31.093,0.0
2024-09-03 23:59:32.280728+02:00,0.0,14.737,0.0
2024-09-04 23:59:32.078317+02:00,0.0,14.755,0.0
2024-09-05 23:59:32.077972+02:00,0.0,14.497,0.0
2024-09-06 23:59:32.498900+02:00,0.0,4.915,0.0
2024-09-07 23:59:32.424110+02:00,0.0,32.392,0.0
2024-09-08 23:59:32.423118+02:00,0.0,34.889,0.0
2024-09-09 23:59:32.423345+02:00,0.77,16.192,0.0
2024-09-10 23:59:32.183521+02:00,2.47,12.522,0.0
2024-09-11 23:59:32.084073+02:00,4.75,33.078,0.0
2024-09-12 23:59:32.080034+02:00,6.15,25.814,0.0
2024-09-13 23:59:32.408225+02:00,5.97,27.78,0.0
2024-09-14 23:59:32.160861+02:00,4.96,32.261,0.0
2024-09-15 23:59:32.336852+02:00,4.02,35.445,0.0
2024-09-16 23:59:32.362060+02:00,2.74,14.412,0.41
2024-09-17 23:59:32.480261+02:00,1.3,32.829,0.0
2024-09-18 23:59:32.483457+02:00,0.98,27.103,0.0
2024-09-19 23:59:32.208111+02:00,0.0,35.75,0.0
2024-09-20 23:59:32.259650+02:00,0.15,36.386,0.0
2024-09-21 23:59:32.223965+02:00,0.0,35.842,0.0
2024-09-22 23:59:32.121565+02:00,0.45,13.088,0.0
2024-09-23 23:59:32.153508+02:00,0.5,22.126,0.0
2024-09-24 23:59:32.116863+02:00,2.43,16.479,0.0
2024-09-25 23:59:32.110008+02:00,2.29,15.434,0.0
2024-09-26 23:59:32.137332+02:00,1.94,15.235,0.0
2024-09-27 23:59:32.447908+02:00,4.05,10.403,0.0
2024-09-28 23:59:32.423965+02:00,6.32,23.623,0.0
2024-09-29 23:59:32.056288+02:00,7.14,21.118,0.0
2024-09-30 23:59:32.340050+02:00,4.52,5.41,2.96
2024-10-01 23:59:32.254362+02:00,4.97,7.266,2.84
2024-10-02 23:59:32.346471+02:00,8.27,8.167,2.44
2024-10-03 23:59:32.125734+02:00,7.68,29.744,0.0
2024-10-04 23:59:32.126257+02:00,8.34,28.809,0.43
2024-10-05 23:59:32.079731+02:00,8.87,32.625,0.0
2024-10-06 23:59:32.414286+02:00,7.58,25.919,2.62
2024-10-07 23:59:32.409828+02:00,1.86,27.527,0.0
2024-10-08 23:59:32.165743+02:00,1.58,17.631,0.0
2024-10-09 23:59:32.165344+02:00,3.67,6.372,1.26
2024-10-10 23:59:32.349130+02:00,5.55,15.253,0.0
2024-10-11 23:59:32.411538+02:00,8.86,17.348,0.0
2024-10-12 23:59:32.348014+02:00,9.5,8.503,0.0
2024-10-13 23:59:32.348551+02:00,8.32,17.506,4.65
2024-10-14 23:59:32.300136+02:00,10.31,5.725,2.96
2024-10-15 23:59:32.299544+02:00,8.04,13.003,2.96
2024-10-16 23:59:32.285150+02:00,1.72,12.766,2.98
2024-10-17 23:59:32.069041+02:00,0.16,11.935,0.0
2024-10-18 23:59:32.054614+02:00,2.28,4.12,0.0
2024-10-19 23:59:32.053184+02:00,3.26,8.234,0.0
2024-10-20 23:59:32.365374+02:00,2.08,11.38,0.0
2024-10-21 23:59:32.365587+02:00,4.25,4.414,0.0
2024-10-22 23:59:32.198767+02:00,6.23,22.637,0.0
2024-10-23 23:59:32.448561+02:00,6.5,25.865,0.0
2024-10-24 23:59:32.293749+02:00,7.94,28.719,1.1
2024-10-25 23:59:32.177263+02:00,4.19,26.059,0.0
2024-10-26 23:59:32.282490+02:00,4.02,23.323,0.0
2024-10-27 23:59:32.203506+01:00,4.87,22.51,0.0
2024-10-28 23:59:32.149009+01:00,6.52,9.92,0.27
2024-10-29 23:59:32.092305+01:00,5.47,2.59,2.96
2024-10-30 23:59:32.092622+01:00,5.07,3.347,2.5
2024-10-31 23:59:32.091467+01:00,6.07,7.179,2.5
2024-11-01 23:59:32.344432+01:00,8.78,1.723,2.96
2024-11-02 23:59:32.345915+01:00,7.71,2.926,3.03
2024-11-03 23:59:32.344514+01:00,12.69,6.075,2.8
2024-11-04 23:59:32.142672+01:00,13.4,4.422,2.98
2024-11-05 23:59:32.108808+01:00,14.53,3.071,2.96
2024-11-06 23:59:32.110025+01:00,10.12,3.255,3.23
2024-11-07 23:59:32.172815+01:00,12.23,1.744,3.16
2024-11-08 23:59:32.486938+01:00,13.7,1.893,3.81
2024-11-09 23:59:32.489765+01:00,11.57,2.166,3.47
2024-11-10 23:59:32.272379+01:00,9.42,3.259,3.48
2024-11-11 23:59:32.274736+01:00,9.03,14.01,1.55
2024-11-12 23:59:32.272813+01:00,9.99,7.652,2.96
2024-11-13 23:59:32.510535+01:00,11.64,9.169,2.96
2024-11-14 23:59:32.205499+01:00,9.16,4.986,2.96
2024-11-15 23:59:32.410701+01:00,10.09,1.498,2.96
2024-11-16 23:59:32.189351+01:00,10.93,3.781,3.5
2024-11-17 23:59:32.188154+01:00,11.13,7.027,2.64
2024-11-18 23:59:32.187943+01:00,12.6,9.688,2.96
2024-11-19 23:59:32.169026+01:00,12.69,0.503,4.11
2024-11-20 23:59:32.176763+01:00,16.42,6.169,4.56
2024-11-21 23:59:32.213710+01:00,19.23,3.464,4.98
2024-11-22 23:59:32.506420+01:00,17.61,7.589,4.78
2024-11-23 23:59:32.226752+01:00,15.18,2.647,5.57
2024-11-24 23:59:32.234219+01:00,3.95,9.03,4.34
2024-11-25 23:59:32.270000+01:00,6.04,0.621,3.46
2024-11-26 23:59:32.236269+01:00,11.48,4.949,3.48
2024-11-27 23:59:32.232540+01:00,10.82,0.556,3.46
2024-11-28 23:59:32.318113+01:00,13.55,18.757,1.49
2024-11-29 23:59:32.278379+01:00,18.0,17.329,3.86
2024-11-30 23:59:32.280386+01:00,16.1,16.444,5.01
2024-12-01 23:59:32.335554+01:00,13.39,11.853,4.49
2024-12-02 23:59:32.503734+01:00,8.76,4.911,3.86
2024-12-03 23:59:32.095320+01:00,13.53,5.616,3.64
2024-12-04 23:59:32.213092+01:00,15.73,4.071,4.59
2024-12-05 23:59:32.466207+01:00,12.55,0.222,5.19
2024-12-06 23:59:32.466077+01:00,10.91,6.955,3.61
2024-12-07 23:59:32.300550+01:00,11.3,7.322,4.45
2024-12-08 23:59:32.280721+01:00,12.45,1.568,4.39
2024-12-09 23:59:32.489851+01:00,13.41,0.793,3.73
2024-12-10 23:59:32.489524+01:00,13.99,0.63,5.67
2024-12-11 23:59:32.283303+01:00,15.28,0.339,4.3
2024-12-12 23:59:32.283064+01:00,16.39,2.584,5.32
2024-12-13 23:59:32.392547+01:00,18.02,0.586,5.89
2024-12-14 23:59:32.360270+01:00,16.26,1.326,5.59
2024-12-15 23:59:32.360211+01:00,12.4,1.381,5.21
2024-12-17 23:59:32.478838+01:00,10.67,2.743,3.87
2024-12-18 23:59:32.478771+01:00,8.15,1.488,3.46
2024-12-20 23:59:32.059366+01:00,14.36,12.418,3.38
2024-12-21 23:59:32.515915+01:00,11.18,1.144,4.43
2024-12-22 23:59:32.392605+01:00,13.89,2.969,4.48
2024-12-23 23:59:32.359520+01:00,13.34,7.138,4.97
2024-12-24 23:59:32.360398+01:00,14.4,0.778,0.0
2024-12-25 23:59:32.360093+01:00,10.68,0.989,0.0
2024-12-26 23:59:32.360180+01:00,12.83,0.912,6.16
2024-12-27 23:59:32.296424+01:00,16.48,1.444,8.26
2024-12-28 23:59:32.303412+01:00,19.66,3.27,6.14
2024-12-29 23:59:32.296080+01:00,17.55,1.322,5.4
2024-12-30 23:59:32.078739+01:00,14.64,0.817,7.03
2024-12-31 23:59:32.315957+01:00,16.3,1.42,6.2
2025-01-01 23:59:32.205638+01:00,11.61,0.201,4.75
2025-01-02 23:59:32.081047+01:00,15.86,13.528,3.45
2025-01-03 23:59:32.080953+01:00,17.77,11.367,4.79
2025-01-04 23:59:32.401967+01:00,18.48,5.47,5.38
2025-01-05 23:59:32.267677+01:00,13.17,0.29,5.68
2025-01-06 23:59:32.206838+01:00,9.69,1.284,5.56
2025-01-07 23:59:32.133071+01:00,15.92,6.068,5.25
2025-01-08 23:59:32.259064+01:00,17.66,5.263,6.15
2025-01-09 23:59:32.259311+01:00,18.69,1.419,6.08
2025-01-10 23:59:32.999835+01:00,18.69,17.49,5.38
2025-01-11 23:59:32.132551+01:00,21.18,2.783,7.27
2025-01-12 23:59:32.133272+01:00,18.24,7.899,6.13
2025-01-13 23:59:32.464683+01:00,19.79,18.84,5.08
2025-01-14 23:59:32.380014+01:00,20.06,7.179,7.65
2025-01-15 23:59:32.379910+01:00,14.06,2.003,6.44
2025-01-16 23:59:32.379410+01:00,16.38,1.177,5.95
2025-01-17 23:59:32.380150+01:00,18.04,1.726,8.44
2025-01-18 23:59:32.383223+01:00,19.96,1.239,4.66
2025-01-19 23:59:32.379846+01:00,20.21,1.115,6.29
2025-01-20 23:59:32.478800+01:00,20.19,1.919,7.85
2025-01-21 23:59:32.087435+01:00,20.66,3.767,7.85
2025-01-22 23:59:32.101220+01:00,17.59,1.409,7.59
2025-01-23 23:59:32.068485+01:00,14.12,4.6,5.56
2025-01-24 23:59:32.068398+01:00,11.64,0.513,6.37
2025-01-25 23:59:32.496794+01:00,13.37,2.951,4.47
2025-01-26 23:59:32.497233+01:00,15.73,7.784,5.04
2025-01-27 23:59:32.496723+01:00,9.02,18.72,4.14
2025-01-28 23:59:32.497414+01:00,10.7,2.341,5.59
2025-01-29 23:59:32.508764+01:00,11.79,6.757,3.46
2025-01-30 23:59:32.249772+01:00,14.14,2.54,5.36
2025-01-31 23:59:32.497336+01:00,17.3,9.211,4.83
2025-02-01 23:59:32.499007+01:00,19.49,26.002,4.47
2025-02-02 23:59:32.491691+01:00,20.53,26.683,5.17
2025-02-03 23:59:32.473710+01:00,19.59,25.384,4.86
2025-02-04 23:59:32.311483+01:00,17.4,10.824,4.46
2025-02-05 23:59:32.290627+01:00,15.69,2.587,7.84
2025-02-06 23:59:32.311474+01:00,14.83,5.133,6.18
2025-02-07 23:59:32.503422+01:00,16.02,1.789,6.77
2025-02-08 23:59:32.073171+01:00,13.1,16.816,4.36
2025-02-09 23:59:32.059892+01:00,14.11,4.819,4.77
2025-02-10 23:59:32.224018+01:00,16.7,3.718,7.36
2025-02-11 23:59:32.251175+01:00,17.14,0.08,5.42
2025-02-12 23:59:32.401727+01:00,15.84,4.001,6.41
2025-02-13 23:59:32.370963+01:00,18.52,2.58,6.41
2025-02-14 23:59:32.417729+01:00,21.36,6.039,7.48
2025-02-15 23:59:32.111678+01:00,19.95,9.972,7.2
2025-02-16 23:59:32.382613+01:00,19.09,23.154,6.14
2025-02-17 23:59:32.296738+01:00,20.25,31.445,6.37
2025-02-18 23:59:32.298053+01:00,19.92,31.263,2.42
2025-02-19 23:59:32.396774+01:00,17.4,17.583,7.74
2025-02-20 23:59:32.433510+01:00,11.12,6.958,6.01
2025-02-21 23:59:32.462123+01:00,4.59,17.893,3.46
2025-02-22 23:59:32.445850+01:00,7.83,4.087,4.39
2025-02-23 23:59:32.430486+01:00,8.27,27.805,3.18
2025-02-24 23:59:32.229488+01:00,7.27,4.234,3.05
2025-02-25 23:59:32.281512+01:00,10.02,11.586,3.27
2025-02-26 23:59:32.144928+01:00,11.75,26.745,1.36
2025-02-27 23:59:32.163737+01:00,13.27,16.373,3.45
2025-02-28 23:59:32.170324+01:00,13.38,26.68,2.53
2025-03-01 23:59:32.373154+01:00,14.36,12.686,4.48
2025-03-02 23:59:32.429415+01:00,14.56,31.056,4.48
2025-03-03 23:59:32.226446+01:00,14.38,36.018,3.46
2025-03-04 23:59:32.392301+01:00,13.44,34.586,3.45
2025-03-05 23:59:32.195981+01:00,11.82,26.033,3.46
2025-03-06 23:59:32.126857+01:00,9.69,35.441,3.17
2025-03-07 23:59:32.459378+01:00,8.17,35.112,2.56
2025-03-08 23:59:32.354358+01:00,7.89,35.099,3.06
2025-03-09 23:59:32.136021+01:00,7.19,34.963,1.75
2025-03-10 23:59:32.128226+01:00,7.19,31.335,0.0
2025-03-11 23:59:32.464680+01:00,12.44,5.909,3.46
2025-03-12 23:59:32.451599+01:00,14.39,10.748,0.0
2025-03-13 23:59:32.452693+01:00,14.56,17.34,8.12
2025-03-14 23:59:32.059321+01:00,14.86,23.387,5.82
2025-03-15 23:59:32.354996+01:00,14.75,22.461,4.46
2025-03-16 23:59:32.159054+01:00,13.44,40.039,4.38
2025-03-17 23:59:32.300600+01:00,11.69,21.294,3.45
2025-03-18 23:59:32.118760+01:00,12.0,43.802,3.47
2025-03-19 23:59:32.185015+01:00,9.21,41.515,2.37
2025-03-20 23:59:32.168283+01:00,7.27,40.02,1.46
2025-03-21 23:59:32.211158+01:00,3.22,33.721,0.0
2025-03-22 23:59:32.212206+01:00,3.16,15.31,3.97
2025-03-23 23:59:32.263766+01:00,4.73,26.357,0.0
2025-03-24 23:59:32.272261+01:00,6.87,19.362,0.0
2025-03-25 23:59:32.365571+01:00,8.73,29.878,2.34
2025-03-26 23:59:32.390815+01:00,9.2,10.385,3.18
2025-03-27 23:59:32.266151+01:00,9.63,44.023,1.87
2025-03-28 23:59:32.421561+01:00,10.99,14.912,0.84
2025-03-29 23:59:32.140540+01:00,9.55,36.193,4.49
2025-03-30 23:59:32.108841+02:00,7.99,23.022,3.05
2025-03-31 23:59:32.268709+02:00,8.33,40.608,0.0
2025-04-01 23:59:32.206653+02:00,7.01,44.843,2.66
2025-04-02 23:59:32.416309+02:00,4.44,42.588,1.4
2025-04-03 23:59:32.416578+02:00,2.45,44.417,0.0
2025-04-04 23:59:32.417104+02:00,1.82,45.27,0.0
2025-04-05 23:59:32.416975+02:00,3.13,46.282,0.0
2025-04-06 23:59:32.341803+02:00,6.3,49.16,0.0
2025-04-07 23:59:32.172687+02:00,7.43,47.913,2.73
2025-04-08 23:59:32.172044+02:00,6.03,46.559,0.0
2025-04-09 23:59:32.212361+02:00,6.74,46.065,0.0
2025-04-10 23:59:32.171658+02:00,6.47,32.355,2.99
2025-04-11 23:59:32.156370+02:00,5.64,44.958,0.0
2025-04-12 23:59:32.156610+02:00,1.82,47.06,0.0
2025-04-13 23:59:32.237918+02:00,2.98,17.24,1.28
2025-04-14 23:59:32.075098+02:00,3.66,42.444,0.0
2025-04-15 23:59:32.246247+02:00,2.59,19.771,0.0
2025-04-16 23:59:32.256252+02:00,5.02,13.539,0.0
2025-04-17 23:59:32.442550+02:00,6.58,11.199,3.48
2025-04-18 23:59:32.442910+02:00,4.86,45.486,0.0
2025-04-19 23:59:32.482791+02:00,5.03,42.781,3.77
2025-04-20 23:59:32.441632+02:00,4.49,31.85,0.0
2025-04-21 23:59:32.135405+02:00,4.64,22.917,0.0
2025-04-22 23:59:32.250439+02:00,3.49,39.199,0.0
2025-04-23 23:59:32.250033+02:00,5.46,10.578,2.36
2025-04-24 23:59:32.246008+02:00,5.35,10.303,1.31
2025-04-25 23:59:32.246080+02:00,5.36,36.681,0.0
2025-04-26 23:59:32.245992+02:00,4.52,45.051,0.0
2025-04-27 23:59:32.096338+02:00,2.42,50.155,0.76
2025-04-28 23:59:32.096051+02:00,2.1,50.558,0.0
2025-04-29 23:59:32.096571+02:00,0.83,50.952,0.0
2025-04-30 23:59:32.097094+02:00,0.0,48.524,0.0
2025-05-01 23:59:32.095756+02:00,0.0,49.407,0.0
2025-05-02 23:59:32.227214+02:00,0.0,44.178,0.0
2025-05-03 23:59:32.233144+02:00,1.75,35.495,0.0
2025-05-04 23:59:32.233012+02:00,5.48,27.767,0.0
2025-05-05 23:59:32.365857+02:00,6.61,26.645,0.0
2025-05-06 23:59:32.274236+02:00,5.35,46.703,0.0
2025-05-07 23:59:32.247998+02:00,4.75,23.011,2.7
2025-05-08 23:59:32.147149+02:00,3.48,39.502,0.0
2025-05-09 23:59:32.226774+02:00,2.89,53.311,0.0
2025-05-10 23:59:32.227664+02:00,1.76,52.941,0.0
2025-05-11 23:59:32.409148+02:00,0.0,52.22,0.0
2025-05-12 23:59:32.320164+02:00,0.0,51.723,0.0
2025-05-13 23:59:32.334060+02:00,0.0,51.623,0.0
2025-05-14 23:59:32.352868+02:00,0.97,44.636,0.0
2025-05-15 23:59:32.393755+02:00,2.78,30.609,0.0
2025-05-16 23:59:32.394029+02:00,3.77,50.634,0.0
2025-05-17 23:59:32.273653+02:00,2.55,40.213,0.0
2025-05-18 23:59:32.487853+02:00,3.36,21.508,0.0
2025-05-19 23:59:32.485901+02:00,0.8,49.906,0.0
2025-05-20 23:59:32.304233+02:00,0.5,45.126,0.0
2025-05-21 23:59:32.148420+02:00,3.13,35.38,0.0
2025-05-22 23:59:32.097996+02:00,4.88,33.561,0.0
2025-05-23 23:59:32.082544+02:00,5.42,41.801,0.0
2025-05-24 23:59:32.081807+02:00,4.79,10.86,0.0
2025-05-25 23:59:32.081458+02:00,1.22,23.305,0.0
2025-05-26 23:59:32.081614+02:00,2.02,27.715,0.0
2025-05-27 23:59:32.157785+02:00,2.7,14.581,0.0
2025-05-28 23:59:32.354528+02:00,1.79,28.442,0.0
2025-05-29 23:59:32.095194+02:00,2.1,20.666,0.0
2025-05-30 23:59:32.106801+02:00,0.0,42.497,0.0
2025-05-31 23:59:32.475640+02:00,0.0,43.07,0.0
2025-06-01 23:59:32.475192+02:00,0.0,23.935,0.0
2025-06-02 23:59:32.371716+02:00,2.3,31.543,0.0
2025-06-03 23:59:32.371109+02:00,0.9,41.183,0.0
2025-06-04 23:59:32.343022+02:00,1.65,22.849,0.0
2025-06-05 23:59:32.057585+02:00,2.72,22.548,0.0
2025-06-06 23:59:32.056851+02:00,1.26,33.109,0.0
2025-06-07 23:59:32.199652+02:00,2.56,25.581,0.0
2025-06-08 23:59:32.318141+02:00,3.47,35.704,0.0
2025-06-09 23:59:32.293774+02:00,2.26,35.412,0.0
2025-06-10 23:59:32.299682+02:00,1.86,17.784,0.0
2025-06-11 23:59:32.253524+02:00,1.11,52.416,0.0
2025-06-12 23:59:32.122335+02:00,0.0,51.698,0.0
2025-06-13 23:59:32.120945+02:00,0.0,46.346,0.0
2025-06-14 23:59:32.346557+02:00,0.0,24.566,0.0
2025-06-15 23:59:32.460392+02:00,0.0,29.715,0.0
2025-06-16 23:59:32.460542+02:00,0.0,48.359,0.0
2025-06-17 23:59:32.460757+02:00,0.0,47.01,0.0
2025-06-18 23:59:32.075259+02:00,0.0,49.588,0.0
2025-06-19 23:59:32.451036+02:00,0.0,48.57,0.0
2025-06-20 23:59:32.451665+02:00,0.0,50.796,0.0
2025-06-21 23:59:32.288121+02:00,0.0,51.551,0.0
2025-06-22 23:59:32.181443+02:00,0.0,32.93,0.0
2025-06-23 23:59:32.364257+02:00,0.0,40.881,0.0
2025-06-24 23:59:32.278382+02:00,0.0,27.446,0.0
2025-06-25 23:59:32.471859+02:00,0.0,42.931,0.0
2025-06-26 23:59:32.212729+02:00,0.0,23.058,0.0
2025-06-27 23:59:32.206559+02:00,0.0,46.384,0.0
2025-06-28 23:59:32.136577+02:00,0.0,36.393,0.0
2025-06-29 23:59:32.440662+02:00,0.0,51.151,0.0
2025-06-30 23:59:32.279938+02:00,0.0,50.389,0.0
2025-07-01 23:59:32.309353+02:00,0.0,49.344,0.0
2025-07-02 23:59:32.328268+02:00,0.0,45.547,0.0
2025-07-03 23:59:32.516331+02:00,0.0,53.061,0.0
2025-07-04 23:59:32.190435+02:00,0.0,49.575,0.0
2025-07-05 23:59:32.426012+02:00,0.0,28.396,0.0
2025-07-06 23:59:32.424996+02:00,0.42,10.419,0.0
2025-07-07 23:59:32.433914+02:00,0.46,39.147,0.0
2025-07-08 23:59:32.477233+02:00,1.86,32.809,0.0
2025-07-09 23:59:32.484497+02:00,0.0,50.171,0.0
2025-07-10 23:59:32.484718+02:00,0.0,41.446,0.0
2025-07-11 23:59:32.294777+02:00,0.0,42.138,0.0
2025-07-12 23:59:32.293324+02:00,0.0,44.75,0.0
2025-07-13 23:59:32.294788+02:00,0.0,33.585,0.0
2025-07-14 23:59:32.382062+02:00,0.0,33.609,0.0
2025-07-15 23:59:32.382093+02:00,0.0,37.261,0.0
2025-07-16 23:59:32.175133+02:00,0.0,26.325,0.0
2025-07-17 23:59:32.088007+02:00,0.0,45.199,0.0
2025-07-18 23:59:32.211251+02:00,0.0,38.125,0.0
2025-07-19 23:59:32.211062+02:00,0.0,32.573,0.0
2025-07-20 23:59:32.210760+02:00,0.0,25.161,0.0
2025-07-21 23:59:32.471638+02:00,0.0,32.423,0.0
2025-07-22 23:59:32.471915+02:00,0.0,33.449,0.0
2025-07-23 23:59:32.485114+02:00,0.0,18.654,0.0
2025-07-24 23:59:32.483842+02:00,0.0,37.019,0.0
2025-07-25 23:59:32.187264+02:00,0.0,18.867,0.0
2025-07-26 23:59:32.187560+02:00,0.0,37.217,0.0
2025-07-27 23:59:32.489585+02:00,0.2,17.548,0.0
2025-07-28 23:59:32.125065+02:00,0.86,27.875,0.0
2025-07-29 23:59:32.268098+02:00,0.03,28.081,0.0
2025-07-30 23:59:32.057852+02:00,0.0,41.812,0.0
2025-07-31 23:59:32.409945+02:00,0.0,20.049,0.0
2025-08-01 23:59:32.299295+02:00,0.65,27.39,0.0
2025-08-02 23:59:32.194570+02:00,0.98,30.09,0.0
2025-08-03 23:59:32.360958+02:00,0.0,39.441,0.0
2025-08-04 23:59:32.252036+02:00,0.0,31.74,0.0
2025-08-05 23:59:32.349139+02:00,0.0,39.451,0.0
2025-08-06 23:59:32.392036+02:00,0.0,38.208,0.0
2025-08-07 23:59:32.259071+02:00,0.0,37.402,0.0
2025-08-08 23:59:32.258369+02:00,0.0,20.432,0.0
2025-08-09 23:59:32.258138+02:00,0.0,47.704,0.0
2025-08-10 23:59:32.257468+02:00,0.0,39.744,0.0
2025-08-11 23:59:32.350970+02:00,0.0,48.031,0.0
2025-08-12 23:59:32.351756+02:00,0.0,45.213,0.0
2025-08-13 23:59:32.421184+02:00,0.0,40.195,0.0
2025-08-14 23:59:32.421606+02:00,0.0,38.58,0.0
2025-08-15 23:59:32.466218+02:00,0.0,40.549,0.0
2025-08-16 23:59:32.346984+02:00,0.0,9.791,0.0
2025-08-17 23:59:32.468906+02:00,0.65,33.401,0.0
2025-08-18 23:59:32.192378+02:00,0.0,34.397,0.0
2025-08-19 23:59:32.128750+02:00,0.0,44.758,0.0
2025-08-20 23:59:32.129616+02:00,0.0,34.869,0.0
2025-08-21 23:59:32.129719+02:00,0.0,35.296,0.0
2025-08-22 23:59:32.143617+02:00,1.54,16.247,0.0
2025-08-23 23:59:32.129108+02:00,1.09,25.554,0.0
2025-08-24 23:59:32.508151+02:00,0.0,44.852,0.0
2025-08-25 23:59:32.129750+02:00,0.0,45.379,0.0
2025-08-26 23:59:32.129444+02:00,0.0,33.23,0.0
2025-08-27 23:59:32.103820+02:00,0.0,32.809,0.0
2025-08-28 23:59:32.381983+02:00,0.0,27.733,0.0
2025-08-29 23:59:32.344559+02:00,1.03,21.973,0.0
2025-08-30 23:59:32.345436+02:00,0.0,29.483,0.0
2025-08-31 23:59:32.378933+02:00,0.0,20.843,0.0
2025-09-01 23:59:32.457392+02:00,0.0,37.233,0.0
2025-09-02 23:59:32.456990+02:00,0.54,32.714,0.0
2025-09-03 23:59:32.456231+02:00,0.0,12.069,0.0
2025-09-04 23:59:32.306228+02:00,0.0,27.234,0.0
2025-09-05 23:59:32.348990+02:00,1.15,33.483,0.0
2025-09-06 23:59:32.305110+02:00,0.0,33.025,0.0
2025-09-07 23:59:32.145079+02:00,0.0,42.929,0.0
2025-09-08 23:59:32.145410+02:00,0.0,25.91,0.0
2025-09-09 23:59:32.230420+02:00,1.78,19.461,0.0
2025-09-10 23:59:32.245210+02:00,0.49,29.98,0.0
2025-09-11 23:59:32.230678+02:00,1.6,27.349,0.0
2025-09-12 23:59:32.231136+02:00,2.66,32.538,0.0
2025-09-13 23:59:32.415052+02:00,3.11,23.54,0.0
2025-09-14 23:59:32.240447+02:00,2.06,32.913,0.0
2025-09-15 23:59:32.224955+02:00,0.91,26.645,0.0
2025-09-16 23:59:32.225224+02:00,1.69,22.453,0.0
2025-09-17 23:59:32.225466+02:00,2.11,12.689,0.0
2025-09-18 23:59:32.331335+02:00,0.0,7.705,0.0
2025-09-19 23:59:32.174254+02:00,0.0,35.885,0.0
2025-09-20 23:59:32.278600+02:00,0.0,10.983,0.0
2025-09-21 23:59:32.411270+02:00,2.43,13.256,0.0
2025-09-22 23:59:32.262877+02:00,2.5,27.424,0.0
2025-09-23 23:59:32.350816+02:00,3.58,29.506,0.0
2025-09-24 23:59:32.348973+02:00,4.62,21.201,0.0
2025-09-25 23:59:32.180327+02:00,5.6,7.752,2.67
2025-09-26 23:59:32.474932+02:00,4.72,15.658,1.48
2025-09-27 23:59:32.357534+02:00,4.76,27.659,1.6
2025-09-28 23:59:32.331530+02:00,4.52,35.698,0.0
2025-09-29 23:59:32.153866+02:00,4.07,26.683,0.0
2025-09-30 23:59:32.385111+02:00,3.27,23.17,0.0
2025-10-01 23:59:32.203405+02:00,7.39,20.733,0.0
2025-10-02 23:59:32.489995+02:00,5.75,23.363,0.0
2025-10-03 23:59:32.253002+02:00,6.17,6.688,2.33
2025-10-04 23:59:32.394747+02:00,4.35,21.497,0.0
2025-10-05 23:59:32.372046+02:00,6.32,11.734,0.29
2025-10-06 23:59:32.371513+02:00,5.12,5.804,2.05
2025-10-07 23:59:32.201171+02:00,3.76,4.264,1.53
2025-10-08 23:59:32.260023+02:00,3.66,6.355,2.73
2025-10-09 23:59:32.235640+02:00,4.99,12.428,0.0
2025-10-10 23:59:32.234720+02:00,3.11,13.035,0.0
2025-10-11 23:59:32.246781+02:00,3.55,4.311,0.28
2025-10-12 23:59:32.278915+02:00,3.59,9.522,1.48
2025-10-13 23:59:32.164178+02:00,3.77,5.327,0.36
2025-10-14 23:59:32.176252+02:00,4.93,7.444,2.1
2025-10-15 23:59:32.166758+02:00,5.96,6.428,0.44
2025-10-16 23:59:32.289319+02:00,5.85,9.283,2.43
2025-10-17 23:59:32.309839+02:00,5.79,4.72,0.0
2025-10-18 23:59:32.365493+02:00,7.1,11.891,0.89
2025-10-19 23:59:32.340842+02:00,7.07,15.144,1.0
2025-10-20 23:59:32.341137+02:00,3.45,10.367,1.1
2025-10-21 23:59:32.340968+02:00,4.33,7.526,0.25
2025-10-22 23:59:32.413424+02:00,4.9,9.711,0.68
2025-10-23 23:59:32.161814+02:00,6.38,2.003,2.72
2025-10-24 23:59:32.143660+02:00,8.96,21.183,2.3
2025-10-25 23:59:32.347740+02:00,8.97,4.168,4.34
2025-10-26 23:59:32.358743+01:00,10.54,13.415,0.72
2025-10-27 23:59:32.289756+01:00,8.84,8.058,3.27
2025-10-28 23:59:32.346915+01:00,7.25,6.141,2.23
2025-10-29 23:59:32.410075+01:00,6.27,4.146,1.74
2025-10-30 23:59:32.304904+01:00,7.87,25.032,0.34
2025-10-31 23:59:32.197339+01:00,7.6,7.464,0.3
2025-11-01 23:59:32.197592+01:00,6.62,2.263,1.26
2025-11-02 23:59:32.197563+01:00,8.16,14.088,2.61
2025-11-03 23:59:32.394069+01:00,8.84,6.281,3.62
2025-11-04 23:59:32.486068+01:00,4.66,16.82,2.33
2025-11-05 23:59:32.191191+01:00,4.8,16.13,1.26
2025-11-06 23:59:32.483711+01:00,8.12,14.02,2.33
2025-11-07 23:59:32.125214+01:00,8.48,23.71,0.0
2025-11-08 23:59:32.136917+01:00,7.99,17.781,3.34
2025-11-09 23:59:32.125275+01:00,7.89,17.243,0.0
2025-11-10 23:59:32.124006+01:00,9.64,10.358,3.14
2025-11-11 23:59:32.123806+01:00,8.39,6.521,2.08
2025-11-12 23:59:32.151282+01:00,6.66,18.258,1.28
2025-11-13 23:59:32.243924+01:00,5.25,2.227,3.48
2025-11-14 23:59:32.243022+01:00,6.28,1.386,3.38
2025-11-15 23:59:33.037155+01:00,6.29,0.607,0.24
2025-11-16 23:59:32.405991+01:00,11.79,0.907,4.32
2025-11-17 23:59:32.139851+01:00,15.14,12.241,0.75
2025-11-18 23:59:32.140027+01:00,15.74,7.15,5.63
2025-11-19 23:59:32.331912+01:00,14.03,1.365,4.24
2025-11-20 23:59:32.327302+01:00,17.13,2.281,5.4
2025-11-21 23:59:32.497927+01:00,17.96,15.463,3.46
2025-11-22 23:59:32.295483+01:00,19.93,13.416,5.98
2025-11-23 23:59:32.329037+01:00,17.23,1.569,5.98
2025-11-24 23:59:32.427813+01:00,13.67,5.211,5.69
2025-11-25 23:59:32.058336+01:00,15.63,4.288,5.11
2025-11-26 23:59:32.152608+01:00,15.65,14.578,3.75
2025-11-27 23:59:32.489749+01:00,14.41,0.334,6.32
2025-11-28 23:59:32.344083+01:00,10.32,0.954,4.39
2025-11-29 23:59:32.372243+01:00,9.8,2.82,5.74
2025-11-30 23:59:32.236743+01:00,13.09,6.328,3.46
2025-12-01 23:59:32.177912+01:00,14.14,4.953,3.46
2025-12-02 23:59:32.151212+01:00,11.31,3.39,4.3
